<?xml version="1.0" encoding="utf-8"?>
<COLLADA version="1.5.0" xmlns="http://www.collada.org/2008/03/COLLADASchema">
  <asset>
    <contributor />
    <unit meter="1" />
    <up_axis>Z_UP</up_axis>
  </asset>
  <library_lights />
  <library_materials />
  <library_effects />
  <library_cameras />
  <library_geometries>
    <geometry id="mesh_1">
      <mesh>
        <source id="mesh_1-position" name="position">
          <float_array id="mesh_1-position-array" count="4329">-45.505897521972656 0.42449694871902466 0 -45.48460006713867 0.4486534297466278 4.03585147857666 -45.660400390625 0 0 -45.658447265625 -0.05079999938607216 4.775199890136719 -45.505897521972656 -0.42449694871902466 0 -45.515777587890625 -0.4124336242675781 4.775199890136719 -45.19437789916992 -0.6311458349227905 4.775199890136719 -45.26441955566406 0.605152428150177 3.8041839599609375 -45.11467742919922 0.6503670811653137 0 -45 0.6604000329971313 3.722400188446045 -44.6697998046875 0.5719231963157654 0 -44.73558044433594 0.605152428150177 3.8041839599609375 -44.51539993286133 0.4486534297466278 4.03585147857666 -44.379425048828125 0.22587010264396667 0 -44.379425048828125 -0.22587010264396667 0 -44.6697998046875 -0.5719231963157654 0 -44.484222412109375 -0.4124336242675781 4.775199890136719 -44.341552734375 -0.05079999938607216 4.775199890136719 -44.80562210083008 -0.6311458349227905 4.775199890136719 -45.11467742919922 -0.6503670811653137 0 -45.505897521972656 0.42449694871902466 16.510000228881836 -45 0 16.906808853149414 -45.660400390625 0 16.510000228881836 -44.6697998046875 0.5719231963157654 16.510000228881836 -45.11467742919922 0.6503670811653137 16.510000228881836 -44.379425048828125 -0.22587010264396667 16.510000228881836 -44.379425048828125 0.22587010264396667 16.510000228881836 -45.11467742919922 -0.6503670811653137 16.510000228881836 -44.6697998046875 -0.5719231963157654 16.510000228881836 -45.505897521972656 -0.42449694871902466 16.510000228881836 -44.484222412109375 -0.4124336242675781 11.125200271606445 -44.341552734375 -0.05079999938607216 11.125200271606445 -44.80562210083008 -0.6311458349227905 11.125200271606445 -45.19437789916992 -0.6311458349227905 11.125200271606445 -45.515777587890625 -0.4124336242675781 11.125200271606445 -45.658447265625 -0.05079999938607216 11.125200271606445 -45.48460006713867 0.4486534297466278 11.864548683166504 -45.26441955566406 0.605152428150177 12.096216201782227 -45 0.6604000329971313 12.178000450134277 -44.73558044433594 0.605152428150177 12.096216201782227 -44.51539993286133 0.4486534297466278 11.864548683166504 -42.396759033203125 -0.05079999938607216 11.125200271606445 -42.30026626586914 0.2642725706100464 11.591606140136719 -42.16476058959961 0.36449211835861206 11.73996353149414 -42 0.3999999761581421 11.792526245117188 -39 0.3999999761581421 11.792526245117188 -36 0.3999999761581421 11.792526245117188 -33 0.3999999761581421 11.792526245117188 -35.835243225097656 0.36449211835861206 11.73996353149414 -33.164756774902344 0.36449211835861206 11.73996353149414 -33.30026626586914 0.2642725706100464 11.591606140136719 -46.98999786376953 3.174999952316284 15.900400161743164 -30 0.3999999761581421 11.792526245117188 -30.164758682250977 0.36449211835861206 11.73996353149414 -32.83523941040039 0.36449211835861206 11.73996353149414 -30.30026626586914 0.2642725706100464 11.591606140136719 -32.69973373413086 0.2642725706100464 11.591606140136719 -30.39676284790039 -0.05079999938607216 11.125200271606445 -32.603240966796875 -0.05079999938607216 11.125200271606445 -46.98999786376953 -0.05079999938607216 11.125200271606445 46.98999786376953 3.174999952316284 15.900400161743164 0 0.3999999761581421 11.792526245117188 -3 0.3999999761581421 11.792526245117188 -6 0.3999999761581421 11.792526245117188 -3.1647589206695557 0.36449211835861206 11.73996353149414 -5.835241317749023 0.36449211835861206 11.73996353149414 -3.3002665042877197 0.2642725706100464 11.591606140136719 -5.699733734130859 0.2642725706100464 11.591606140136719 -3.396761178970337 -0.05079999938607216 11.125200271606445 -5.603239059448242 -0.05079999938607216 11.125200271606445 46.98999786376953 -0.05079999938607216 11.125200271606445 45.164756774902344 0.36449211835861206 11.73996353149414 45 0.3999999761581421 11.792526245117188 42 0.3999999761581421 11.792526245117188 44.835243225097656 0.36449211835861206 11.73996353149414 42.16476058959961 0.36449211835861206 11.73996353149414 44.699737548828125 0.2642725706100464 11.591606140136719 42.30026626586914 0.2642725706100464 11.591606140136719 44.60323715209961 -0.05079999938607216 11.125200271606445 42.396759033203125 -0.05079999938607216 11.125200271606445 45.39676284790039 -0.05079999938607216 11.125200271606445 45.300262451171875 0.2642725706100464 11.591606140136719 39 0.3999999761581421 11.792526245117188 41.835243225097656 0.36449211835861206 11.73996353149414 39.164756774902344 0.36449211835861206 11.73996353149414 41.69973373413086 0.2642725706100464 11.591606140136719 39.30026626586914 0.2642725706100464 11.591606140136719 41.603240966796875 -0.05079999938607216 11.125200271606445 39.396759033203125 -0.05079999938607216 11.125200271606445 36 0.3999999761581421 11.792526245117188 38.835243225097656 0.36449211835861206 11.73996353149414 36.164756774902344 0.36449211835861206 11.73996353149414 38.69973373413086 0.2642725706100464 11.591606140136719 36.30026626586914 0.2642725706100464 11.591606140136719 38.603240966796875 -0.05079999938607216 11.125200271606445 36.396759033203125 -0.05079999938607216 11.125200271606445 33 0.3999999761581421 11.792526245117188 35.835243225097656 0.36449211835861206 11.73996353149414 33.164756774902344 0.36449211835861206 11.73996353149414 35.69973373413086 0.2642725706100464 11.591606140136719 33.30026626586914 0.2642725706100464 11.591606140136719 35.603240966796875 -0.05079999938607216 11.125200271606445 33.39676284790039 -0.05079999938607216 11.125200271606445 30 0.3999999761581421 11.792526245117188 32.83523941040039 0.36449211835861206 11.73996353149414 30.164758682250977 0.36449211835861206 11.73996353149414 32.69973373413086 0.2642725706100464 11.591606140136719 30.30026626586914 0.2642725706100464 11.591606140136719 32.603240966796875 -0.05079999938607216 11.125200271606445 30.39676284790039 -0.05079999938607216 11.125200271606445 27 0.3999999761581421 11.792526245117188 29.835241317749023 0.36449211835861206 11.73996353149414 27.16476058959961 0.36449211835861206 11.73996353149414 29.69973373413086 0.2642725706100464 11.591606140136719 27.30026626586914 0.2642725706100464 11.591606140136719 29.60323715209961 -0.05079999938607216 11.125200271606445 27.396759033203125 -0.05079999938607216 11.125200271606445 24 0.3999999761581421 11.792526245117188 26.835241317749023 0.36449211835861206 11.73996353149414 24.164756774902344 0.36449211835861206 11.73996353149414 26.69973373413086 0.2642725706100464 11.591606140136719 24.300268173217773 0.2642725706100464 11.591606140136719 26.603239059448242 -0.05079999938607216 11.125200271606445 24.396760940551758 -0.05079999938607216 11.125200271606445 21 0.3999999761581421 11.792526245117188 23.835241317749023 0.36449211835861206 11.73996353149414 21.164758682250977 0.36449211835861206 11.73996353149414 23.69973373413086 0.2642725706100464 11.591606140136719 21.30026626586914 0.2642725706100464 11.591606140136719 23.603239059448242 -0.05079999938607216 11.125200271606445 21.396760940551758 -0.05079999938607216 11.125200271606445 18 0.3999999761581421 11.792526245117188 20.835243225097656 0.36449211835861206 11.73996353149414 18.164758682250977 0.36449211835861206 11.73996353149414 20.699731826782227 0.2642725706100464 11.591606140136719 18.30026626586914 0.2642725706100464 11.591606140136719 20.603239059448242 -0.05079999938607216 11.125200271606445 18.396760940551758 -0.05079999938607216 11.125200271606445 15 0.3999999761581421 11.792526245117188 17.835241317749023 0.36449211835861206 11.73996353149414 15.164758682250977 0.36449211835861206 11.73996353149414 17.69973373413086 0.2642725706100464 11.591606140136719 15.30026626586914 0.2642725706100464 11.591606140136719 17.603239059448242 -0.05079999938607216 11.125200271606445 15.396760940551758 -0.05079999938607216 11.125200271606445 12 0.3999999761581421 11.792526245117188 14.835241317749023 0.36449211835861206 11.73996353149414 12.164758682250977 0.36449211835861206 11.73996353149414 14.69973373413086 0.2642725706100464 11.591606140136719 12.30026626586914 0.2642725706100464 11.591606140136719 14.603239059448242 -0.05079999938607216 11.125200271606445 12.396760940551758 -0.05079999938607216 11.125200271606445 9 0.3999999761581421 11.792526245117188 11.835241317749023 0.36449211835861206 11.73996353149414 9.164758682250977 0.36449211835861206 11.73996353149414 11.69973373413086 0.2642725706100464 11.591606140136719 9.30026626586914 0.2642725706100464 11.591606140136719 11.603239059448242 -0.05079999938607216 11.125200271606445 9.396760940551758 -0.05079999938607216 11.125200271606445 6 0.3999999761581421 11.792526245117188 8.835241317749023 0.36449211835861206 11.73996353149414 6.164758682250977 0.36449211835861206 11.73996353149414 8.69973373413086 0.2642725706100464 11.591606140136719 6.300266265869141 0.2642725706100464 11.591606140136719 8.603239059448242 -0.05079999938607216 11.125200271606445 6.396760940551758 -0.05079999938607216 11.125200271606445 3 0.3999999761581421 11.792526245117188 5.835241317749023 0.36449211835861206 11.73996353149414 3.1647589206695557 0.36449211835861206 11.73996353149414 5.699733734130859 0.2642725706100464 11.591606140136719 3.3002665042877197 0.2642725706100464 11.591606140136719 5.603239059448242 -0.05079999938607216 11.125200271606445 3.396761178970337 -0.05079999938607216 11.125200271606445 2.8352413177490234 0.36449211835861206 11.73996353149414 0.1647588610649109 0.36449211835861206 11.73996353149414 2.699733257293701 0.2642725706100464 11.591606140136719 0.3002665638923645 0.2642725706100464 11.591606140136719 2.603238821029663 -0.05079999938607216 11.125200271606445 0.39676105976104736 -0.05079999938607216 11.125200271606445 -0.1647588610649109 0.36449211835861206 11.73996353149414 -2.8352413177490234 0.36449211835861206 11.73996353149414 -0.3002665638923645 0.2642725706100464 11.591606140136719 -2.699733257293701 0.2642725706100464 11.591606140136719 -0.39676105976104736 -0.05079999938607216 11.125200271606445 -2.603238821029663 -0.05079999938607216 11.125200271606445 -9 0.3999999761581421 11.792526245117188 -6.164758682250977 0.36449211835861206 11.73996353149414 -8.835241317749023 0.36449211835861206 11.73996353149414 -6.300266265869141 0.2642725706100464 11.591606140136719 -8.69973373413086 0.2642725706100464 11.591606140136719 -6.396760940551758 -0.05079999938607216 11.125200271606445 -8.603239059448242 -0.05079999938607216 11.125200271606445 -12 0.3999999761581421 11.792526245117188 -9.164758682250977 0.36449211835861206 11.73996353149414 -11.835241317749023 0.36449211835861206 11.73996353149414 -9.30026626586914 0.2642725706100464 11.591606140136719 -11.69973373413086 0.2642725706100464 11.591606140136719 -9.396760940551758 -0.05079999938607216 11.125200271606445 -11.603239059448242 -0.05079999938607216 11.125200271606445 -15 0.3999999761581421 11.792526245117188 -12.164758682250977 0.36449211835861206 11.73996353149414 -14.835241317749023 0.36449211835861206 11.73996353149414 -12.30026626586914 0.2642725706100464 11.591606140136719 -14.69973373413086 0.2642725706100464 11.591606140136719 -12.396760940551758 -0.05079999938607216 11.125200271606445 -14.603239059448242 -0.05079999938607216 11.125200271606445 -18 0.3999999761581421 11.792526245117188 -15.164758682250977 0.36449211835861206 11.73996353149414 -17.835241317749023 0.36449211835861206 11.73996353149414 -15.30026626586914 0.2642725706100464 11.591606140136719 -17.69973373413086 0.2642725706100464 11.591606140136719 -15.396760940551758 -0.05079999938607216 11.125200271606445 -17.603239059448242 -0.05079999938607216 11.125200271606445 -21 0.3999999761581421 11.792526245117188 -18.164758682250977 0.36449211835861206 11.73996353149414 -20.835243225097656 0.36449211835861206 11.73996353149414 -18.30026626586914 0.2642725706100464 11.591606140136719 -20.699731826782227 0.2642725706100464 11.591606140136719 -18.396760940551758 -0.05079999938607216 11.125200271606445 -20.603239059448242 -0.05079999938607216 11.125200271606445 -24 0.3999999761581421 11.792526245117188 -21.164758682250977 0.36449211835861206 11.73996353149414 -23.835241317749023 0.36449211835861206 11.73996353149414 -21.30026626586914 0.2642725706100464 11.591606140136719 -23.69973373413086 0.2642725706100464 11.591606140136719 -21.396760940551758 -0.05079999938607216 11.125200271606445 -23.603239059448242 -0.05079999938607216 11.125200271606445 -27 0.3999999761581421 11.792526245117188 -24.164756774902344 0.36449211835861206 11.73996353149414 -26.835241317749023 0.36449211835861206 11.73996353149414 -24.300268173217773 0.2642725706100464 11.591606140136719 -26.69973373413086 0.2642725706100464 11.591606140136719 -24.396760940551758 -0.05079999938607216 11.125200271606445 -26.603239059448242 -0.05079999938607216 11.125200271606445 -27.16476058959961 0.36449211835861206 11.73996353149414 -29.835241317749023 0.36449211835861206 11.73996353149414 -27.30026626586914 0.2642725706100464 11.591606140136719 -29.69973373413086 0.2642725706100464 11.591606140136719 -27.396759033203125 -0.05079999938607216 11.125200271606445 -29.60323715209961 -0.05079999938607216 11.125200271606445 -35.69973373413086 0.2642725706100464 11.591606140136719 -33.39676284790039 -0.05079999938607216 11.125200271606445 -35.603240966796875 -0.05079999938607216 11.125200271606445 -38.835243225097656 0.36449211835861206 11.73996353149414 -36.164756774902344 0.36449211835861206 11.73996353149414 -36.30026626586914 0.2642725706100464 11.591606140136719 -38.69973373413086 0.2642725706100464 11.591606140136719 -36.396759033203125 -0.05079999938607216 11.125200271606445 -38.603240966796875 -0.05079999938607216 11.125200271606445 -41.835243225097656 0.36449211835861206 11.73996353149414 -39.164756774902344 0.36449211835861206 11.73996353149414 -39.30026626586914 0.2642725706100464 11.591606140136719 -41.69973373413086 0.2642725706100464 11.591606140136719 -39.396759033203125 -0.05079999938607216 11.125200271606445 -41.603240966796875 -0.05079999938607216 11.125200271606445 -46.98999786376953 -0.05079999938607216 4.775199890136719 -46.98999786376953 3.174999952316284 0 -30 0.3999999761581421 4.107873916625977 -33 0.3999999761581421 4.107873916625977 -30.164758682250977 0.36449211835861206 4.160436630249023 -32.83523941040039 0.36449211835861206 4.160436630249023 -30.30026626586914 0.2642725706100464 4.308793067932129 -32.69973373413086 0.2642725706100464 4.308793067932129 -30.39676284790039 -0.05079999938607216 4.775199890136719 -32.603240966796875 -0.05079999938607216 4.775199890136719 -39 0.3999999761581421 4.107873916625977 -36 0.3999999761581421 4.107873916625977 -35.835243225097656 0.36449211835861206 4.160436630249023 -33.164756774902344 0.36449211835861206 4.160436630249023 -33.30026626586914 0.2642725706100464 4.308793067932129 -35.69973373413086 0.2642725706100464 4.308793067932129 -33.39676284790039 -0.05079999938607216 4.775199890136719 -35.603240966796875 -0.05079999938607216 4.775199890136719 -42 0.3999999761581421 4.107873916625977 -42.16476058959961 0.36449211835861206 4.160436630249023 -42.30026626586914 0.2642725706100464 4.308793067932129 -42.396759033203125 -0.05079999938607216 4.775199890136719 -41.835243225097656 0.36449211835861206 4.160436630249023 -39.164756774902344 0.36449211835861206 4.160436630249023 -39.30026626586914 0.2642725706100464 4.308793067932129 -41.69973373413086 0.2642725706100464 4.308793067932129 -39.396759033203125 -0.05079999938607216 4.775199890136719 -41.603240966796875 -0.05079999938607216 4.775199890136719 -38.835243225097656 0.36449211835861206 4.160436630249023 -36.164756774902344 0.36449211835861206 4.160436630249023 -36.30026626586914 0.2642725706100464 4.308793067932129 -38.69973373413086 0.2642725706100464 4.308793067932129 -36.396759033203125 -0.05079999938607216 4.775199890136719 -38.603240966796875 -0.05079999938607216 4.775199890136719 -29.835241317749023 0.36449211835861206 4.160436630249023 -27.16476058959961 0.36449211835861206 4.160436630249023 -27 0.3999999761581421 4.107873916625977 -24 0.3999999761581421 4.107873916625977 -21 0.3999999761581421 4.107873916625977 -21.164758682250977 0.36449211835861206 4.160436630249023 -23.835241317749023 0.36449211835861206 4.160436630249023 -21.30026626586914 0.2642725706100464 4.308793067932129 -23.69973373413086 0.2642725706100464 4.308793067932129 -21.396760940551758 -0.05079999938607216 4.775199890136719 -23.603239059448242 -0.05079999938607216 4.775199890136719 -27.30026626586914 0.2642725706100464 4.308793067932129 -29.69973373413086 0.2642725706100464 4.308793067932129 -27.396759033203125 -0.05079999938607216 4.775199890136719 -29.60323715209961 -0.05079999938607216 4.775199890136719 -24.164756774902344 0.36449211835861206 4.160436630249023 -26.835241317749023 0.36449211835861206 4.160436630249023 -24.300268173217773 0.2642725706100464 4.308793067932129 -26.69973373413086 0.2642725706100464 4.308793067932129 -24.396760940551758 -0.05079999938607216 4.775199890136719 -26.603239059448242 -0.05079999938607216 4.775199890136719 -20.835243225097656 0.36449211835861206 4.160436630249023 -18.164758682250977 0.36449211835861206 4.160436630249023 -18 0.3999999761581421 4.107873916625977 -15 0.3999999761581421 4.107873916625977 -12 0.3999999761581421 4.107873916625977 -12.164758682250977 0.36449211835861206 4.160436630249023 -14.835241317749023 0.36449211835861206 4.160436630249023 -12.30026626586914 0.2642725706100464 4.308793067932129 -14.69973373413086 0.2642725706100464 4.308793067932129 -12.396760940551758 -0.05079999938607216 4.775199890136719 -14.603239059448242 -0.05079999938607216 4.775199890136719 -18.30026626586914 0.2642725706100464 4.308793067932129 -20.699731826782227 0.2642725706100464 4.308793067932129 -18.396760940551758 -0.05079999938607216 4.775199890136719 -20.603239059448242 -0.05079999938607216 4.775199890136719 -15.164758682250977 0.36449211835861206 4.160436630249023 -17.835241317749023 0.36449211835861206 4.160436630249023 -15.30026626586914 0.2642725706100464 4.308793067932129 -17.69973373413086 0.2642725706100464 4.308793067932129 -15.396760940551758 -0.05079999938607216 4.775199890136719 -17.603239059448242 -0.05079999938607216 4.775199890136719 -11.835241317749023 0.36449211835861206 4.160436630249023 -9.164758682250977 0.36449211835861206 4.160436630249023 -9 0.3999999761581421 4.107873916625977 -6 0.3999999761581421 4.107873916625977 -3 0.3999999761581421 4.107873916625977 -3.1647589206695557 0.36449211835861206 4.160436630249023 -5.835241317749023 0.36449211835861206 4.160436630249023 -3.3002665042877197 0.2642725706100464 4.308793067932129 -5.699733734130859 0.2642725706100464 4.308793067932129 -3.396761178970337 -0.05079999938607216 4.775199890136719 -5.603239059448242 -0.05079999938607216 4.775199890136719 -9.30026626586914 0.2642725706100464 4.308793067932129 -11.69973373413086 0.2642725706100464 4.308793067932129 -9.396760940551758 -0.05079999938607216 4.775199890136719 -11.603239059448242 -0.05079999938607216 4.775199890136719 -6.164758682250977 0.36449211835861206 4.160436630249023 -8.835241317749023 0.36449211835861206 4.160436630249023 -6.300266265869141 0.2642725706100464 4.308793067932129 -8.69973373413086 0.2642725706100464 4.308793067932129 -6.396760940551758 -0.05079999938607216 4.775199890136719 -8.603239059448242 -0.05079999938607216 4.775199890136719 -2.8352413177490234 0.36449211835861206 4.160436630249023 -0.1647588610649109 0.36449211835861206 4.160436630249023 0 0.3999999761581421 4.107873916625977 46.98999786376953 3.174999952316284 0 3 0.3999999761581421 4.107873916625977 6 0.3999999761581421 4.107873916625977 5.835241317749023 0.36449211835861206 4.160436630249023 3.1647589206695557 0.36449211835861206 4.160436630249023 5.699733734130859 0.2642725706100464 4.308793067932129 3.3002665042877197 0.2642725706100464 4.308793067932129 5.603239059448242 -0.05079999938607216 4.775199890136719 3.396761178970337 -0.05079999938607216 4.775199890136719 -0.3002665638923645 0.2642725706100464 4.308793067932129 -2.699733257293701 0.2642725706100464 4.308793067932129 -0.39676105976104736 -0.05079999938607216 4.775199890136719 -2.603238821029663 -0.05079999938607216 4.775199890136719 2.8352413177490234 0.36449211835861206 4.160436630249023 0.1647588610649109 0.36449211835861206 4.160436630249023 2.699733257293701 0.2642725706100464 4.308793067932129 0.3002665638923645 0.2642725706100464 4.308793067932129 2.603238821029663 -0.05079999938607216 4.775199890136719 0.39676105976104736 -0.05079999938607216 4.775199890136719 6.164758682250977 0.36449211835861206 4.160436630249023 8.835241317749023 0.36449211835861206 4.160436630249023 9 0.3999999761581421 4.107873916625977 12 0.3999999761581421 4.107873916625977 15 0.3999999761581421 4.107873916625977 14.835241317749023 0.36449211835861206 4.160436630249023 12.164758682250977 0.36449211835861206 4.160436630249023 14.69973373413086 0.2642725706100464 4.308793067932129 12.30026626586914 0.2642725706100464 4.308793067932129 14.603239059448242 -0.05079999938607216 4.775199890136719 12.396760940551758 -0.05079999938607216 4.775199890136719 8.69973373413086 0.2642725706100464 4.308793067932129 6.300266265869141 0.2642725706100464 4.308793067932129 8.603239059448242 -0.05079999938607216 4.775199890136719 6.396760940551758 -0.05079999938607216 4.775199890136719 11.835241317749023 0.36449211835861206 4.160436630249023 9.164758682250977 0.36449211835861206 4.160436630249023 11.69973373413086 0.2642725706100464 4.308793067932129 9.30026626586914 0.2642725706100464 4.308793067932129 11.603239059448242 -0.05079999938607216 4.775199890136719 9.396760940551758 -0.05079999938607216 4.775199890136719 15.164758682250977 0.36449211835861206 4.160436630249023 17.835241317749023 0.36449211835861206 4.160436630249023 18 0.3999999761581421 4.107873916625977 21 0.3999999761581421 4.107873916625977 24 0.3999999761581421 4.107873916625977 23.835241317749023 0.36449211835861206 4.160436630249023 21.164758682250977 0.36449211835861206 4.160436630249023 23.69973373413086 0.2642725706100464 4.308793067932129 21.30026626586914 0.2642725706100464 4.308793067932129 23.603239059448242 -0.05079999938607216 4.775199890136719 21.396760940551758 -0.05079999938607216 4.775199890136719 17.69973373413086 0.2642725706100464 4.308793067932129 15.30026626586914 0.2642725706100464 4.308793067932129 17.603239059448242 -0.05079999938607216 4.775199890136719 15.396760940551758 -0.05079999938607216 4.775199890136719 20.835243225097656 0.36449211835861206 4.160436630249023 18.164758682250977 0.36449211835861206 4.160436630249023 20.699731826782227 0.2642725706100464 4.308793067932129 18.30026626586914 0.2642725706100464 4.308793067932129 20.603239059448242 -0.05079999938607216 4.775199890136719 18.396760940551758 -0.05079999938607216 4.775199890136719 24.164756774902344 0.36449211835861206 4.160436630249023 26.835241317749023 0.36449211835861206 4.160436630249023 27 0.3999999761581421 4.107873916625977 30 0.3999999761581421 4.107873916625977 33 0.3999999761581421 4.107873916625977 32.83523941040039 0.36449211835861206 4.160436630249023 30.164758682250977 0.36449211835861206 4.160436630249023 32.69973373413086 0.2642725706100464 4.308793067932129 30.30026626586914 0.2642725706100464 4.308793067932129 32.603240966796875 -0.05079999938607216 4.775199890136719 30.39676284790039 -0.05079999938607216 4.775199890136719 26.69973373413086 0.2642725706100464 4.308793067932129 24.300268173217773 0.2642725706100464 4.308793067932129 26.603239059448242 -0.05079999938607216 4.775199890136719 24.396760940551758 -0.05079999938607216 4.775199890136719 29.835241317749023 0.36449211835861206 4.160436630249023 27.16476058959961 0.36449211835861206 4.160436630249023 29.69973373413086 0.2642725706100464 4.308793067932129 27.30026626586914 0.2642725706100464 4.308793067932129 29.60323715209961 -0.05079999938607216 4.775199890136719 27.396759033203125 -0.05079999938607216 4.775199890136719 33.164756774902344 0.36449211835861206 4.160436630249023 35.835243225097656 0.36449211835861206 4.160436630249023 36 0.3999999761581421 4.107873916625977 39 0.3999999761581421 4.107873916625977 42 0.3999999761581421 4.107873916625977 41.835243225097656 0.36449211835861206 4.160436630249023 39.164756774902344 0.36449211835861206 4.160436630249023 41.69973373413086 0.2642725706100464 4.308793067932129 39.30026626586914 0.2642725706100464 4.308793067932129 41.603240966796875 -0.05079999938607216 4.775199890136719 39.396759033203125 -0.05079999938607216 4.775199890136719 35.69973373413086 0.2642725706100464 4.308793067932129 33.30026626586914 0.2642725706100464 4.308793067932129 35.603240966796875 -0.05079999938607216 4.775199890136719 33.39676284790039 -0.05079999938607216 4.775199890136719 38.835243225097656 0.36449211835861206 4.160436630249023 36.164756774902344 0.36449211835861206 4.160436630249023 38.69973373413086 0.2642725706100464 4.308793067932129 36.30026626586914 0.2642725706100464 4.308793067932129 38.603240966796875 -0.05079999938607216 4.775199890136719 36.396759033203125 -0.05079999938607216 4.775199890136719 42.16476058959961 0.36449211835861206 4.160436630249023 44.835243225097656 0.36449211835861206 4.160436630249023 45 0.3999999761581421 4.107873916625977 45.164756774902344 0.36449211835861206 4.160436630249023 46.98999786376953 -0.05079999938607216 4.775199890136719 45.300262451171875 0.2642725706100464 4.308793067932129 45.39676284790039 -0.05079999938607216 4.775199890136719 44.699737548828125 0.2642725706100464 4.308793067932129 42.30026626586914 0.2642725706100464 4.308793067932129 44.60323715209961 -0.05079999938607216 4.775199890136719 42.396759033203125 -0.05079999938607216 4.775199890136719 -2.0252878665924072 3.174999952316284 51.775325775146484 -2.0252878665924072 -2.1589999198913574 51.775325775146484 -2.2479000091552734 3.174999952316284 50.79999923706055 -2.2479000091552734 -2.1589999198913574 50.79999923706055 -2.0252878665924072 3.174999952316284 49.82467269897461 -2.0252878665924072 -2.1589999198913574 49.82467269897461 -1.4015426635742188 -2.1589999198913574 49.042518615722656 -1.4015426635742188 3.174999952316284 52.55747985839844 -1.4015426635742188 -2.1589999198913574 52.55747985839844 -0.5002048015594482 3.174999952316284 52.99154281616211 -0.5002048015594482 -2.1589999198913574 52.99154281616211 0.5002048015594482 3.174999952316284 52.99154281616211 0.5002048015594482 -2.1589999198913574 52.99154281616211 1.4015426635742188 3.174999952316284 52.55747985839844 1.4015426635742188 -2.1589999198913574 52.55747985839844 2.0252878665924072 3.174999952316284 51.775325775146484 2.0252878665924072 -2.1589999198913574 51.775325775146484 2.2479000091552734 3.174999952316284 50.79999923706055 2.2479000091552734 -2.1589999198913574 50.79999923706055 2.0252878665924072 3.174999952316284 49.82467269897461 2.0252878665924072 -2.1589999198913574 49.82467269897461 1.4015426635742188 3.174999952316284 49.042518615722656 1.4015426635742188 -2.1589999198913574 49.042518615722656 0.5002048015594482 3.174999952316284 48.60845947265625 0.5002048015594482 -2.1589999198913574 48.60845947265625 -0.5002048015594482 3.174999952316284 48.60845947265625 -0.5002048015594482 -2.1589999198913574 48.60845947265625 -1.4015426635742188 3.174999952316284 49.042518615722656 -15.875 -3.174999952316284 63.5 -12.699999809265137 -2.1589999198913574 63.5 -15.875 3.174999952316284 63.5 12.699999809265137 -2.1589999198913574 63.5 15.875 3.174999952316284 63.5 15.875 -3.174999952316284 63.5 12.699999809265137 -3.174999952316284 63.5 -12.699999809265137 -3.174999952316284 63.5 -42.306419372558594 0.25711503624916077 0 -42.39999771118164 0 0 -42.306419372558594 -0.25711503624916077 0 -42.304718017578125 -0.25912970304489136 4.775199890136719 -42.1138801574707 -0.38344699144363403 4.775199890136719 -42.0694580078125 0.3939231038093567 0 -41.79999923706055 0.3464101552963257 0 -41.624122619628906 0.13680805265903473 0 -41.624122619628906 -0.13680805265903473 0 -41.79999923706055 -0.3464101552963257 0 -41.69528579711914 -0.25912970304489136 4.775199890136719 -41.8861198425293 -0.38344699144363403 4.775199890136719 -42.0694580078125 -0.3939231038093567 0 -42.306419372558594 0.25711503624916077 16.510000228881836 -42 0 16.750343322753906 -42.39999771118164 0 16.510000228881836 -41.79999923706055 0.3464101552963257 16.510000228881836 -42.0694580078125 0.3939231038093567 16.510000228881836 -41.624122619628906 -0.13680805265903473 16.510000228881836 -41.624122619628906 0.13680805265903473 16.510000228881836 -42.0694580078125 -0.3939231038093567 16.510000228881836 -41.79999923706055 -0.3464101552963257 16.510000228881836 -42.306419372558594 -0.25711503624916077 16.510000228881836 -42.304718017578125 -0.25912970304489136 11.125200271606445 -42.1138801574707 -0.38344699144363403 11.125200271606445 -41.8861198425293 -0.38344699144363403 11.125200271606445 -41.69528579711914 -0.25912970304489136 11.125200271606445 44.69358444213867 0.25711503624916077 0 44.599998474121094 0 0 44.69358444213867 -0.25711503624916077 0 44.695281982421875 -0.25912970304489136 4.775199890136719 44.88612365722656 -0.38344699144363403 4.775199890136719 44.930538177490234 0.3939231038093567 0 45.20000076293945 0.3464101552963257 0 45.375877380371094 0.13680805265903473 0 45.375877380371094 -0.13680805265903473 0 45.20000076293945 -0.3464101552963257 0 45.304718017578125 -0.25912970304489136 4.775199890136719 45.11387634277344 -0.38344699144363403 4.775199890136719 44.930538177490234 -0.3939231038093567 0 44.69358444213867 0.25711503624916077 16.510000228881836 45 0 16.750343322753906 44.599998474121094 0 16.510000228881836 45.20000076293945 0.3464101552963257 16.510000228881836 44.930538177490234 0.3939231038093567 16.510000228881836 45.375877380371094 -0.13680805265903473 16.510000228881836 45.375877380371094 0.13680805265903473 16.510000228881836 44.930538177490234 -0.3939231038093567 16.510000228881836 45.20000076293945 -0.3464101552963257 16.510000228881836 44.69358444213867 -0.25711503624916077 16.510000228881836 44.695281982421875 -0.25912970304489136 11.125200271606445 44.88612365722656 -0.38344699144363403 11.125200271606445 45.11387634277344 -0.38344699144363403 11.125200271606445 45.304718017578125 -0.25912970304489136 11.125200271606445 38.69358444213867 0.25711503624916077 0 38.599998474121094 0 0 38.69358444213867 -0.25711503624916077 0 38.695281982421875 -0.25912970304489136 4.775199890136719 38.8861198425293 -0.38344699144363403 4.775199890136719 38.9305419921875 0.3939231038093567 0 39.20000076293945 0.3464101552963257 0 39.375877380371094 0.13680805265903473 0 39.375877380371094 -0.13680805265903473 0 39.20000076293945 -0.3464101552963257 0 39.304718017578125 -0.25912970304489136 4.775199890136719 39.1138801574707 -0.38344699144363403 4.775199890136719 38.9305419921875 -0.3939231038093567 0 38.69358444213867 0.25711503624916077 16.510000228881836 39 0 16.750343322753906 38.599998474121094 0 16.510000228881836 39.20000076293945 0.3464101552963257 16.510000228881836 38.9305419921875 0.3939231038093567 16.510000228881836 39.375877380371094 -0.13680805265903473 16.510000228881836 39.375877380371094 0.13680805265903473 16.510000228881836 38.9305419921875 -0.3939231038093567 16.510000228881836 39.20000076293945 -0.3464101552963257 16.510000228881836 38.69358444213867 -0.25711503624916077 16.510000228881836 38.695281982421875 -0.25912970304489136 11.125200271606445 38.8861198425293 -0.38344699144363403 11.125200271606445 39.1138801574707 -0.38344699144363403 11.125200271606445 39.304718017578125 -0.25912970304489136 11.125200271606445 -33.306419372558594 0.25711503624916077 0 -33.39999771118164 0 0 -33.306419372558594 -0.25711503624916077 0 -33.30471420288086 -0.25912970304489136 4.775199890136719 -33.11387634277344 -0.38344699144363403 4.775199890136719 -33.069461822509766 0.3939231038093567 0 -32.79999923706055 0.3464101552963257 0 -32.624122619628906 0.13680805265903473 0 -32.624122619628906 -0.13680805265903473 0 -32.79999923706055 -0.3464101552963257 0 -32.695281982421875 -0.25912970304489136 4.775199890136719 -32.8861198425293 -0.38344699144363403 4.775199890136719 -33.069461822509766 -0.3939231038093567 0 -33.306419372558594 0.25711503624916077 16.510000228881836 -33 0 16.750343322753906 -33.39999771118164 0 16.510000228881836 -32.79999923706055 0.3464101552963257 16.510000228881836 -33.069461822509766 0.3939231038093567 16.510000228881836 -32.624122619628906 -0.13680805265903473 16.510000228881836 -32.624122619628906 0.13680805265903473 16.510000228881836 -33.069461822509766 -0.3939231038093567 16.510000228881836 -32.79999923706055 -0.3464101552963257 16.510000228881836 -33.306419372558594 -0.25711503624916077 16.510000228881836 -33.30471420288086 -0.25912970304489136 11.125200271606445 -33.11387634277344 -0.38344699144363403 11.125200271606445 -32.8861198425293 -0.38344699144363403 11.125200271606445 -32.695281982421875 -0.25912970304489136 11.125200271606445 -27.306419372558594 0.25711503624916077 0 -27.399999618530273 0 0 -27.306419372558594 -0.25711503624916077 0 -27.304716110229492 -0.25912970304489136 4.775199890136719 -27.11387825012207 -0.38344699144363403 4.775199890136719 -27.0694580078125 0.3939231038093567 0 -26.80000114440918 0.3464101552963257 0 -26.62412452697754 0.13680805265903473 0 -26.62412452697754 -0.13680805265903473 0 -26.80000114440918 -0.3464101552963257 0 -26.69528579711914 -0.25912970304489136 4.775199890136719 -26.88612174987793 -0.38344699144363403 4.775199890136719 -27.0694580078125 -0.3939231038093567 0 -27.306419372558594 0.25711503624916077 16.510000228881836 -27 0 16.750343322753906 -27.399999618530273 0 16.510000228881836 -26.80000114440918 0.3464101552963257 16.510000228881836 -27.0694580078125 0.3939231038093567 16.510000228881836 -26.62412452697754 -0.13680805265903473 16.510000228881836 -26.62412452697754 0.13680805265903473 16.510000228881836 -27.0694580078125 -0.3939231038093567 16.510000228881836 -26.80000114440918 -0.3464101552963257 16.510000228881836 -27.306419372558594 -0.25711503624916077 16.510000228881836 -27.304716110229492 -0.25912970304489136 11.125200271606445 -27.11387825012207 -0.38344699144363403 11.125200271606445 -26.88612174987793 -0.38344699144363403 11.125200271606445 -26.69528579711914 -0.25912970304489136 11.125200271606445 -21.30641746520996 0.25711503624916077 0 -21.400001525878906 0 0 -21.30641746520996 -0.25711503624916077 0 -21.304718017578125 -0.25912970304489136 4.775199890136719 -21.113880157470703 -0.38344699144363403 4.775199890136719 -21.069459915161133 0.3939231038093567 0 -20.799999237060547 0.3464101552963257 0 -20.624122619628906 0.13680805265903473 0 -20.624122619628906 -0.13680805265903473 0 -20.799999237060547 -0.3464101552963257 0 -20.695283889770508 -0.25912970304489136 4.775199890136719 -20.886119842529297 -0.38344699144363403 4.775199890136719 -21.069459915161133 -0.3939231038093567 0 -21.30641746520996 0.25711503624916077 16.510000228881836 -21 0 16.750343322753906 -21.400001525878906 0 16.510000228881836 -20.799999237060547 0.3464101552963257 16.510000228881836 -21.069459915161133 0.3939231038093567 16.510000228881836 -20.624122619628906 -0.13680805265903473 16.510000228881836 -20.624122619628906 0.13680805265903473 16.510000228881836 -21.069459915161133 -0.3939231038093567 16.510000228881836 -20.799999237060547 -0.3464101552963257 16.510000228881836 -21.30641746520996 -0.25711503624916077 16.510000228881836 -21.304718017578125 -0.25912970304489136 11.125200271606445 -21.113880157470703 -0.38344699144363403 11.125200271606445 -20.886119842529297 -0.38344699144363403 11.125200271606445 -20.695283889770508 -0.25912970304489136 11.125200271606445 -15.306417465209961 0.25711503624916077 0 -15.399999618530273 0 0 -15.306417465209961 -0.25711503624916077 0 -15.304716110229492 -0.25912970304489136 4.775199890136719 -15.113879203796387 -0.38344699144363403 4.775199890136719 -15.069459915161133 0.3939231038093567 0 -14.800000190734863 0.3464101552963257 0 -14.624122619628906 0.13680805265903473 0 -14.624122619628906 -0.13680805265903473 0 -14.800000190734863 -0.3464101552963257 0 -14.695283889770508 -0.25912970304489136 4.775199890136719 -14.886120796203613 -0.38344699144363403 4.775199890136719 -15.069459915161133 -0.3939231038093567 0 -15.306417465209961 0.25711503624916077 16.510000228881836 -15 0 16.750343322753906 -15.399999618530273 0 16.510000228881836 -14.800000190734863 0.3464101552963257 16.510000228881836 -15.069459915161133 0.3939231038093567 16.510000228881836 -14.624122619628906 -0.13680805265903473 16.510000228881836 -14.624122619628906 0.13680805265903473 16.510000228881836 -15.069459915161133 -0.3939231038093567 16.510000228881836 -14.800000190734863 -0.3464101552963257 16.510000228881836 -15.306417465209961 -0.25711503624916077 16.510000228881836 -15.304716110229492 -0.25912970304489136 11.125200271606445 -15.113879203796387 -0.38344699144363403 11.125200271606445 -14.886120796203613 -0.38344699144363403 11.125200271606445 -14.695283889770508 -0.25912970304489136 11.125200271606445 -9.306417465209961 0.25711503624916077 0 -9.399999618530273 0 0 -9.306417465209961 -0.25711503624916077 0 -9.304716110229492 -0.25912970304489136 4.775199890136719 -9.11387825012207 -0.38344699144363403 4.775199890136719 -9.069459915161133 0.3939231038093567 0 -8.800000190734863 0.3464101552963257 0 -8.624122619628906 0.13680805265903473 0 -8.624122619628906 -0.13680805265903473 0 -8.800000190734863 -0.3464101552963257 0 -8.695283889770508 -0.25912970304489136 4.775199890136719 -8.886120796203613 -0.38344699144363403 4.775199890136719 -9.069459915161133 -0.3939231038093567 0 -9.306417465209961 0.25711503624916077 16.510000228881836 -9 0 16.750343322753906 -9.399999618530273 0 16.510000228881836 -8.800000190734863 0.3464101552963257 16.510000228881836 -9.069459915161133 0.3939231038093567 16.510000228881836 -8.624122619628906 -0.13680805265903473 16.510000228881836 -8.624122619628906 0.13680805265903473 16.510000228881836 -9.069459915161133 -0.3939231038093567 16.510000228881836 -8.800000190734863 -0.3464101552963257 16.510000228881836 -9.306417465209961 -0.25711503624916077 16.510000228881836 -9.304716110229492 -0.25912970304489136 11.125200271606445 -9.11387825012207 -0.38344699144363403 11.125200271606445 -8.886120796203613 -0.38344699144363403 11.125200271606445 -8.695283889770508 -0.25912970304489136 11.125200271606445 -3.30641770362854 0.25711503624916077 0 -3.4000000953674316 0 0 -3.30641770362854 -0.25711503624916077 0 -3.304716110229492 -0.25912970304489136 4.775199890136719 -3.1138789653778076 -0.38344699144363403 4.775199890136719 -3.0694591999053955 0.3939231038093567 0 -2.799999952316284 0.3464101552963257 0 -2.6241230964660645 0.13680805265903473 0 -2.6241230964660645 -0.13680805265903473 0 -2.799999952316284 -0.3464101552963257 0 -2.695284128189087 -0.25912970304489136 4.775199890136719 -2.8861212730407715 -0.38344699144363403 4.775199890136719 -3.0694591999053955 -0.3939231038093567 0 -3.30641770362854 0.25711503624916077 16.510000228881836 -3 0 16.750343322753906 -3.4000000953674316 0 16.510000228881836 -2.799999952316284 0.3464101552963257 16.510000228881836 -3.0694591999053955 0.3939231038093567 16.510000228881836 -2.6241230964660645 -0.13680805265903473 16.510000228881836 -2.6241230964660645 0.13680805265903473 16.510000228881836 -3.0694591999053955 -0.3939231038093567 16.510000228881836 -2.799999952316284 -0.3464101552963257 16.510000228881836 -3.30641770362854 -0.25711503624916077 16.510000228881836 -3.304716110229492 -0.25912970304489136 11.125200271606445 -3.1138789653778076 -0.38344699144363403 11.125200271606445 -2.8861212730407715 -0.38344699144363403 11.125200271606445 -2.695284128189087 -0.25912970304489136 11.125200271606445 32.693580627441406 0.25711503624916077 0 32.599998474121094 0 0 32.693580627441406 -0.25711503624916077 0 32.695281982421875 -0.25912970304489136 4.775199890136719 32.8861198425293 -0.38344699144363403 4.775199890136719 32.9305419921875 0.3939231038093567 0 33.20000076293945 0.3464101552963257 0 33.375877380371094 0.13680805265903473 0 33.375877380371094 -0.13680805265903473 0 33.20000076293945 -0.3464101552963257 0 33.30471420288086 -0.25912970304489136 4.775199890136719 33.11387634277344 -0.38344699144363403 4.775199890136719 32.9305419921875 -0.3939231038093567 0 32.693580627441406 0.25711503624916077 16.510000228881836 33 0 16.750343322753906 32.599998474121094 0 16.510000228881836 33.20000076293945 0.3464101552963257 16.510000228881836 32.9305419921875 0.3939231038093567 16.510000228881836 33.375877380371094 -0.13680805265903473 16.510000228881836 33.375877380371094 0.13680805265903473 16.510000228881836 32.9305419921875 -0.3939231038093567 16.510000228881836 33.20000076293945 -0.3464101552963257 16.510000228881836 32.693580627441406 -0.25711503624916077 16.510000228881836 32.695281982421875 -0.25912970304489136 11.125200271606445 32.8861198425293 -0.38344699144363403 11.125200271606445 33.11387634277344 -0.38344699144363403 11.125200271606445 33.30471420288086 -0.25912970304489136 11.125200271606445 26.69358253479004 0.25711503624916077 0 26.600000381469727 0 0 26.69358253479004 -0.25711503624916077 0 26.69528579711914 -0.25912970304489136 4.775199890136719 26.88612174987793 -0.38344699144363403 4.775199890136719 26.930540084838867 0.3939231038093567 0 27.200000762939453 0.3464101552963257 0 27.375877380371094 0.13680805265903473 0 27.375877380371094 -0.13680805265903473 0 27.200000762939453 -0.3464101552963257 0 27.304716110229492 -0.25912970304489136 4.775199890136719 27.11387825012207 -0.38344699144363403 4.775199890136719 26.930540084838867 -0.3939231038093567 0 26.69358253479004 0.25711503624916077 16.510000228881836 27 0 16.750343322753906 26.600000381469727 0 16.510000228881836 27.200000762939453 0.3464101552963257 16.510000228881836 26.930540084838867 0.3939231038093567 16.510000228881836 27.375877380371094 -0.13680805265903473 16.510000228881836 27.375877380371094 0.13680805265903473 16.510000228881836 26.930540084838867 -0.3939231038093567 16.510000228881836 27.200000762939453 -0.3464101552963257 16.510000228881836 26.69358253479004 -0.25711503624916077 16.510000228881836 26.69528579711914 -0.25912970304489136 11.125200271606445 26.88612174987793 -0.38344699144363403 11.125200271606445 27.11387825012207 -0.38344699144363403 11.125200271606445 27.304716110229492 -0.25912970304489136 11.125200271606445 20.693580627441406 0.25711503624916077 0 20.599998474121094 0 0 20.693580627441406 -0.25711503624916077 0 20.695283889770508 -0.25912970304489136 4.775199890136719 20.886119842529297 -0.38344699144363403 4.775199890136719 20.930540084838867 0.3939231038093567 0 21.19999885559082 0.3464101552963257 0 21.375877380371094 0.13680805265903473 0 21.375877380371094 -0.13680805265903473 0 21.19999885559082 -0.3464101552963257 0 21.304718017578125 -0.25912970304489136 4.775199890136719 21.113880157470703 -0.38344699144363403 4.775199890136719 20.930540084838867 -0.3939231038093567 0 20.693580627441406 0.25711503624916077 16.510000228881836 21 0 16.750343322753906 20.599998474121094 0 16.510000228881836 21.19999885559082 0.3464101552963257 16.510000228881836 20.930540084838867 0.3939231038093567 16.510000228881836 21.375877380371094 -0.13680805265903473 16.510000228881836 21.375877380371094 0.13680805265903473 16.510000228881836 20.930540084838867 -0.3939231038093567 16.510000228881836 21.19999885559082 -0.3464101552963257 16.510000228881836 20.693580627441406 -0.25711503624916077 16.510000228881836 20.695283889770508 -0.25912970304489136 11.125200271606445 20.886119842529297 -0.38344699144363403 11.125200271606445 21.113880157470703 -0.38344699144363403 11.125200271606445 21.304718017578125 -0.25912970304489136 11.125200271606445 14.693582534790039 0.25711503624916077 0 14.600000381469727 0 0 14.693582534790039 -0.25711503624916077 0 14.695283889770508 -0.25912970304489136 4.775199890136719 14.886120796203613 -0.38344699144363403 4.775199890136719 14.930540084838867 0.3939231038093567 0 15.199999809265137 0.3464101552963257 0 15.375877380371094 0.13680805265903473 0 15.375877380371094 -0.13680805265903473 0 15.199999809265137 -0.3464101552963257 0 15.304716110229492 -0.25912970304489136 4.775199890136719 15.113879203796387 -0.38344699144363403 4.775199890136719 14.930540084838867 -0.3939231038093567 0 14.693582534790039 0.25711503624916077 16.510000228881836 15 0 16.750343322753906 14.600000381469727 0 16.510000228881836 15.199999809265137 0.3464101552963257 16.510000228881836 14.930540084838867 0.3939231038093567 16.510000228881836 15.375877380371094 -0.13680805265903473 16.510000228881836 15.375877380371094 0.13680805265903473 16.510000228881836 14.930540084838867 -0.3939231038093567 16.510000228881836 15.199999809265137 -0.3464101552963257 16.510000228881836 14.693582534790039 -0.25711503624916077 16.510000228881836 14.695283889770508 -0.25912970304489136 11.125200271606445 14.886120796203613 -0.38344699144363403 11.125200271606445 15.113879203796387 -0.38344699144363403 11.125200271606445 15.304716110229492 -0.25912970304489136 11.125200271606445 8.693582534790039 0.25711503624916077 0 8.600000381469727 0 0 8.693582534790039 -0.25711503624916077 0 8.695283889770508 -0.25912970304489136 4.775199890136719 8.886120796203613 -0.38344699144363403 4.775199890136719 8.930541038513184 0.3939231038093567 0 9.199999809265137 0.3464101552963257 0 9.375876426696777 0.13680805265903473 0 9.375876426696777 -0.13680805265903473 0 9.199999809265137 -0.3464101552963257 0 9.304716110229492 -0.25912970304489136 4.775199890136719 9.11387825012207 -0.38344699144363403 4.775199890136719 8.930541038513184 -0.3939231038093567 0 8.693582534790039 0.25711503624916077 16.510000228881836 9 0 16.750343322753906 8.600000381469727 0 16.510000228881836 9.199999809265137 0.3464101552963257 16.510000228881836 8.930541038513184 0.3939231038093567 16.510000228881836 9.375876426696777 -0.13680805265903473 16.510000228881836 9.375876426696777 0.13680805265903473 16.510000228881836 8.930541038513184 -0.3939231038093567 16.510000228881836 9.199999809265137 -0.3464101552963257 16.510000228881836 8.693582534790039 -0.25711503624916077 16.510000228881836 8.695283889770508 -0.25912970304489136 11.125200271606445 8.886120796203613 -0.38344699144363403 11.125200271606445 9.11387825012207 -0.38344699144363403 11.125200271606445 9.304716110229492 -0.25912970304489136 11.125200271606445 2.693582057952881 0.25711503624916077 0 2.5999999046325684 0 0 2.693582057952881 -0.25711503624916077 0 2.695284128189087 -0.25912970304489136 4.775199890136719 2.8861212730407715 -0.38344699144363403 4.775199890136719 2.9305408000946045 0.3939231038093567 0 3.1999998092651367 0.3464101552963257 0 3.3758771419525146 0.13680805265903473 0 3.3758771419525146 -0.13680805265903473 0 3.1999998092651367 -0.3464101552963257 0 3.304716110229492 -0.25912970304489136 4.775199890136719 3.1138789653778076 -0.38344699144363403 4.775199890136719 2.9305408000946045 -0.3939231038093567 0 2.693582057952881 0.25711503624916077 16.510000228881836 3 0 16.750343322753906 2.5999999046325684 0 16.510000228881836 3.1999998092651367 0.3464101552963257 16.510000228881836 2.9305408000946045 0.3939231038093567 16.510000228881836 3.3758771419525146 -0.13680805265903473 16.510000228881836 3.3758771419525146 0.13680805265903473 16.510000228881836 2.9305408000946045 -0.3939231038093567 16.510000228881836 3.1999998092651367 -0.3464101552963257 16.510000228881836 2.693582057952881 -0.25711503624916077 16.510000228881836 2.695284128189087 -0.25912970304489136 11.125200271606445 2.8861212730407715 -0.38344699144363403 11.125200271606445 3.1138789653778076 -0.38344699144363403 11.125200271606445 3.304716110229492 -0.25912970304489136 11.125200271606445 -0.3064177632331848 0.25711503624916077 0 -0.3999999761581421 0 0 -0.3064177632331848 -0.25711503624916077 0 -0.30471593141555786 -0.25912970304489136 4.775199890136719 -0.11387885361909866 -0.38344699144363403 4.775199890136719 -0.06945927441120148 0.3939231038093567 0 0.19999998807907104 0.3464101552963257 0 0.3758770525455475 0.13680805265903473 0 0.3758770525455475 -0.13680805265903473 0 0.19999998807907104 -0.3464101552963257 0 0.30471593141555786 -0.25912970304489136 4.775199890136719 0.11387885361909866 -0.38344699144363403 4.775199890136719 -0.06945927441120148 -0.3939231038093567 0 -0.3064177632331848 0.25711503624916077 16.510000228881836 0 0 16.750343322753906 -0.3999999761581421 0 16.510000228881836 0.19999998807907104 0.3464101552963257 16.510000228881836 -0.06945927441120148 0.3939231038093567 16.510000228881836 0.3758770525455475 -0.13680805265903473 16.510000228881836 0.3758770525455475 0.13680805265903473 16.510000228881836 -0.06945927441120148 -0.3939231038093567 16.510000228881836 0.19999998807907104 -0.3464101552963257 16.510000228881836 -0.3064177632331848 -0.25711503624916077 16.510000228881836 -0.30471593141555786 -0.25912970304489136 11.125200271606445 -0.11387885361909866 -0.38344699144363403 11.125200271606445 0.11387885361909866 -0.38344699144363403 11.125200271606445 0.30471593141555786 -0.25912970304489136 11.125200271606445 5.693582534790039 0.25711503624916077 0 5.599999904632568 0 0 5.693582534790039 -0.25711503624916077 0 5.695283889770508 -0.25912970304489136 4.775199890136719 5.8861212730407715 -0.38344699144363403 4.775199890136719 5.930540561676025 0.3939231038093567 0 6.199999809265137 0.3464101552963257 0 6.375877380371094 0.13680805265903473 0 6.375877380371094 -0.13680805265903473 0 6.199999809265137 -0.3464101552963257 0 6.304716110229492 -0.25912970304489136 4.775199890136719 6.113879203796387 -0.38344699144363403 4.775199890136719 5.930540561676025 -0.3939231038093567 0 5.693582534790039 0.25711503624916077 16.510000228881836 6 0 16.750343322753906 5.599999904632568 0 16.510000228881836 6.199999809265137 0.3464101552963257 16.510000228881836 5.930540561676025 0.3939231038093567 16.510000228881836 6.375877380371094 -0.13680805265903473 16.510000228881836 6.375877380371094 0.13680805265903473 16.510000228881836 5.930540561676025 -0.3939231038093567 16.510000228881836 6.199999809265137 -0.3464101552963257 16.510000228881836 5.693582534790039 -0.25711503624916077 16.510000228881836 5.695283889770508 -0.25912970304489136 11.125200271606445 5.8861212730407715 -0.38344699144363403 11.125200271606445 6.113879203796387 -0.38344699144363403 11.125200271606445 6.304716110229492 -0.25912970304489136 11.125200271606445 11.693582534790039 0.25711503624916077 0 11.59999942779541 0 0 11.693582534790039 -0.25711503624916077 0 11.695283889770508 -0.25912970304489136 4.775199890136719 11.886120796203613 -0.38344699144363403 4.775199890136719 11.930541038513184 0.3939231038093567 0 12.200000762939453 0.3464101552963257 0 12.375877380371094 0.13680805265903473 0 12.375877380371094 -0.13680805265903473 0 12.200000762939453 -0.3464101552963257 0 12.304716110229492 -0.25912970304489136 4.775199890136719 12.11387825012207 -0.38344699144363403 4.775199890136719 11.930541038513184 -0.3939231038093567 0 11.693582534790039 0.25711503624916077 16.510000228881836 12 0 16.750343322753906 11.59999942779541 0 16.510000228881836 12.200000762939453 0.3464101552963257 16.510000228881836 11.930541038513184 0.3939231038093567 16.510000228881836 12.375877380371094 -0.13680805265903473 16.510000228881836 12.375877380371094 0.13680805265903473 16.510000228881836 11.930541038513184 -0.3939231038093567 16.510000228881836 12.200000762939453 -0.3464101552963257 16.510000228881836 11.693582534790039 -0.25711503624916077 16.510000228881836 11.695283889770508 -0.25912970304489136 11.125200271606445 11.886120796203613 -0.38344699144363403 11.125200271606445 12.11387825012207 -0.38344699144363403 11.125200271606445 12.304716110229492 -0.25912970304489136 11.125200271606445 17.69358253479004 0.25711503624916077 0 17.600000381469727 0 0 17.69358253479004 -0.25711503624916077 0 17.695283889770508 -0.25912970304489136 4.775199890136719 17.88612174987793 -0.38344699144363403 4.775199890136719 17.9305419921875 0.3939231038093567 0 18.200000762939453 0.3464101552963257 0 18.375877380371094 0.13680805265903473 0 18.375877380371094 -0.13680805265903473 0 18.200000762939453 -0.3464101552963257 0 18.304716110229492 -0.25912970304489136 4.775199890136719 18.11387825012207 -0.38344699144363403 4.775199890136719 17.9305419921875 -0.3939231038093567 0 17.69358253479004 0.25711503624916077 16.510000228881836 18 0 16.750343322753906 17.600000381469727 0 16.510000228881836 18.200000762939453 0.3464101552963257 16.510000228881836 17.9305419921875 0.3939231038093567 16.510000228881836 18.375877380371094 -0.13680805265903473 16.510000228881836 18.375877380371094 0.13680805265903473 16.510000228881836 17.9305419921875 -0.3939231038093567 16.510000228881836 18.200000762939453 -0.3464101552963257 16.510000228881836 17.69358253479004 -0.25711503624916077 16.510000228881836 17.695283889770508 -0.25912970304489136 11.125200271606445 17.88612174987793 -0.38344699144363403 11.125200271606445 18.11387825012207 -0.38344699144363403 11.125200271606445 18.304716110229492 -0.25912970304489136 11.125200271606445 23.69358253479004 0.25711503624916077 0 23.599998474121094 0 0 23.69358253479004 -0.25711503624916077 0 23.695281982421875 -0.25912970304489136 4.775199890136719 23.886119842529297 -0.38344699144363403 4.775199890136719 23.930540084838867 0.3939231038093567 0 24.200000762939453 0.3464101552963257 0 24.375877380371094 0.13680805265903473 0 24.375877380371094 -0.13680805265903473 0 24.200000762939453 -0.3464101552963257 0 24.304716110229492 -0.25912970304489136 4.775199890136719 24.113880157470703 -0.38344699144363403 4.775199890136719 23.930540084838867 -0.3939231038093567 0 23.69358253479004 0.25711503624916077 16.510000228881836 24 0 16.750343322753906 23.599998474121094 0 16.510000228881836 24.200000762939453 0.3464101552963257 16.510000228881836 23.930540084838867 0.3939231038093567 16.510000228881836 24.375877380371094 -0.13680805265903473 16.510000228881836 24.375877380371094 0.13680805265903473 16.510000228881836 23.930540084838867 -0.3939231038093567 16.510000228881836 24.200000762939453 -0.3464101552963257 16.510000228881836 23.69358253479004 -0.25711503624916077 16.510000228881836 23.695281982421875 -0.25912970304489136 11.125200271606445 23.886119842529297 -0.38344699144363403 11.125200271606445 24.113880157470703 -0.38344699144363403 11.125200271606445 24.304716110229492 -0.25912970304489136 11.125200271606445 29.69358253479004 0.25711503624916077 0 29.600000381469727 0 0 29.69358253479004 -0.25711503624916077 0 29.695283889770508 -0.25912970304489136 4.775199890136719 29.88612174987793 -0.38344699144363403 4.775199890136719 29.9305419921875 0.3939231038093567 0 30.200000762939453 0.3464101552963257 0 30.375877380371094 0.13680805265903473 0 30.375877380371094 -0.13680805265903473 0 30.200000762939453 -0.3464101552963257 0 30.304716110229492 -0.25912970304489136 4.775199890136719 30.11387825012207 -0.38344699144363403 4.775199890136719 29.9305419921875 -0.3939231038093567 0 29.69358253479004 0.25711503624916077 16.510000228881836 30 0 16.750343322753906 29.600000381469727 0 16.510000228881836 30.200000762939453 0.3464101552963257 16.510000228881836 29.9305419921875 0.3939231038093567 16.510000228881836 30.375877380371094 -0.13680805265903473 16.510000228881836 30.375877380371094 0.13680805265903473 16.510000228881836 29.9305419921875 -0.3939231038093567 16.510000228881836 30.200000762939453 -0.3464101552963257 16.510000228881836 29.69358253479004 -0.25711503624916077 16.510000228881836 29.695283889770508 -0.25912970304489136 11.125200271606445 29.88612174987793 -0.38344699144363403 11.125200271606445 30.11387825012207 -0.38344699144363403 11.125200271606445 30.304716110229492 -0.25912970304489136 11.125200271606445 35.693580627441406 0.25711503624916077 0 35.599998474121094 0 0 35.693580627441406 -0.25711503624916077 0 35.695281982421875 -0.25912970304489136 4.775199890136719 35.8861198425293 -0.38344699144363403 4.775199890136719 35.9305419921875 0.3939231038093567 0 36.19999694824219 0.3464101552963257 0 36.375877380371094 0.13680805265903473 0 36.375877380371094 -0.13680805265903473 0 36.19999694824219 -0.3464101552963257 0 36.304718017578125 -0.25912970304489136 4.775199890136719 36.1138801574707 -0.38344699144363403 4.775199890136719 35.9305419921875 -0.3939231038093567 0 35.693580627441406 0.25711503624916077 16.510000228881836 36 0 16.750343322753906 35.599998474121094 0 16.510000228881836 36.19999694824219 0.3464101552963257 16.510000228881836 35.9305419921875 0.3939231038093567 16.510000228881836 36.375877380371094 -0.13680805265903473 16.510000228881836 36.375877380371094 0.13680805265903473 16.510000228881836 35.9305419921875 -0.3939231038093567 16.510000228881836 36.19999694824219 -0.3464101552963257 16.510000228881836 35.693580627441406 -0.25711503624916077 16.510000228881836 35.695281982421875 -0.25912970304489136 11.125200271606445 35.8861198425293 -0.38344699144363403 11.125200271606445 36.1138801574707 -0.38344699144363403 11.125200271606445 36.304718017578125 -0.25912970304489136 11.125200271606445 -6.306417465209961 0.25711503624916077 0 -6.399999618530273 0 0 -6.306417465209961 -0.25711503624916077 0 -6.304716110229492 -0.25912970304489136 4.775199890136719 -6.113879203796387 -0.38344699144363403 4.775199890136719 -6.069459438323975 0.3939231038093567 0 -5.799999713897705 0.3464101552963257 0 -5.6241230964660645 0.13680805265903473 0 -5.6241230964660645 -0.13680805265903473 0 -5.799999713897705 -0.3464101552963257 0 -5.695283889770508 -0.25912970304489136 4.775199890136719 -5.8861212730407715 -0.38344699144363403 4.775199890136719 -6.069459438323975 -0.3939231038093567 0 -6.306417465209961 0.25711503624916077 16.510000228881836 -6 0 16.750343322753906 -6.399999618530273 0 16.510000228881836 -5.799999713897705 0.3464101552963257 16.510000228881836 -6.069459438323975 0.3939231038093567 16.510000228881836 -5.6241230964660645 -0.13680805265903473 16.510000228881836 -5.6241230964660645 0.13680805265903473 16.510000228881836 -6.069459438323975 -0.3939231038093567 16.510000228881836 -5.799999713897705 -0.3464101552963257 16.510000228881836 -6.306417465209961 -0.25711503624916077 16.510000228881836 -6.304716110229492 -0.25912970304489136 11.125200271606445 -6.113879203796387 -0.38344699144363403 11.125200271606445 -5.8861212730407715 -0.38344699144363403 11.125200271606445 -5.695283889770508 -0.25912970304489136 11.125200271606445 -12.306417465209961 0.25711503624916077 0 -12.399999618530273 0 0 -12.306417465209961 -0.25711503624916077 0 -12.304716110229492 -0.25912970304489136 4.775199890136719 -12.11387825012207 -0.38344699144363403 4.775199890136719 -12.069458961486816 0.3939231038093567 0 -11.799999237060547 0.3464101552963257 0 -11.624122619628906 0.13680805265903473 0 -11.624122619628906 -0.13680805265903473 0 -11.799999237060547 -0.3464101552963257 0 -11.695283889770508 -0.25912970304489136 4.775199890136719 -11.886120796203613 -0.38344699144363403 4.775199890136719 -12.069458961486816 -0.3939231038093567 0 -12.306417465209961 0.25711503624916077 16.510000228881836 -12 0 16.750343322753906 -12.399999618530273 0 16.510000228881836 -11.799999237060547 0.3464101552963257 16.510000228881836 -12.069458961486816 0.3939231038093567 16.510000228881836 -11.624122619628906 -0.13680805265903473 16.510000228881836 -11.624122619628906 0.13680805265903473 16.510000228881836 -12.069458961486816 -0.3939231038093567 16.510000228881836 -11.799999237060547 -0.3464101552963257 16.510000228881836 -12.306417465209961 -0.25711503624916077 16.510000228881836 -12.304716110229492 -0.25912970304489136 11.125200271606445 -12.11387825012207 -0.38344699144363403 11.125200271606445 -11.886120796203613 -0.38344699144363403 11.125200271606445 -11.695283889770508 -0.25912970304489136 11.125200271606445 -18.30641746520996 0.25711503624916077 0 -18.399999618530273 0 0 -18.30641746520996 -0.25711503624916077 0 -18.304716110229492 -0.25912970304489136 4.775199890136719 -18.11387825012207 -0.38344699144363403 4.775199890136719 -18.069459915161133 0.3939231038093567 0 -17.799999237060547 0.3464101552963257 0 -17.624122619628906 0.13680805265903473 0 -17.624122619628906 -0.13680805265903473 0 -17.799999237060547 -0.3464101552963257 0 -17.695283889770508 -0.25912970304489136 4.775199890136719 -17.88612174987793 -0.38344699144363403 4.775199890136719 -18.069459915161133 -0.3939231038093567 0 -18.30641746520996 0.25711503624916077 16.510000228881836 -18 0 16.750343322753906 -18.399999618530273 0 16.510000228881836 -17.799999237060547 0.3464101552963257 16.510000228881836 -18.069459915161133 0.3939231038093567 16.510000228881836 -17.624122619628906 -0.13680805265903473 16.510000228881836 -17.624122619628906 0.13680805265903473 16.510000228881836 -18.069459915161133 -0.3939231038093567 16.510000228881836 -17.799999237060547 -0.3464101552963257 16.510000228881836 -18.30641746520996 -0.25711503624916077 16.510000228881836 -18.304716110229492 -0.25912970304489136 11.125200271606445 -18.11387825012207 -0.38344699144363403 11.125200271606445 -17.88612174987793 -0.38344699144363403 11.125200271606445 -17.695283889770508 -0.25912970304489136 11.125200271606445 -24.306419372558594 0.25711503624916077 0 -24.400001525878906 0 0 -24.306419372558594 -0.25711503624916077 0 -24.304716110229492 -0.25912970304489136 4.775199890136719 -24.113880157470703 -0.38344699144363403 4.775199890136719 -24.069459915161133 0.3939231038093567 0 -23.80000114440918 0.3464101552963257 0 -23.624122619628906 0.13680805265903473 0 -23.624122619628906 -0.13680805265903473 0 -23.80000114440918 -0.3464101552963257 0 -23.695281982421875 -0.25912970304489136 4.775199890136719 -23.886119842529297 -0.38344699144363403 4.775199890136719 -24.069459915161133 -0.3939231038093567 0 -24.306419372558594 0.25711503624916077 16.510000228881836 -24 0 16.750343322753906 -24.400001525878906 0 16.510000228881836 -23.80000114440918 0.3464101552963257 16.510000228881836 -24.069459915161133 0.3939231038093567 16.510000228881836 -23.624122619628906 -0.13680805265903473 16.510000228881836 -23.624122619628906 0.13680805265903473 16.510000228881836 -24.069459915161133 -0.3939231038093567 16.510000228881836 -23.80000114440918 -0.3464101552963257 16.510000228881836 -24.306419372558594 -0.25711503624916077 16.510000228881836 -24.304716110229492 -0.25912970304489136 11.125200271606445 -24.113880157470703 -0.38344699144363403 11.125200271606445 -23.886119842529297 -0.38344699144363403 11.125200271606445 -23.695281982421875 -0.25912970304489136 11.125200271606445 -30.30641746520996 0.25711503624916077 0 -30.399999618530273 0 0 -30.30641746520996 -0.25711503624916077 0 -30.304716110229492 -0.25912970304489136 4.775199890136719 -30.11387825012207 -0.38344699144363403 4.775199890136719 -30.0694580078125 0.3939231038093567 0 -29.799999237060547 0.3464101552963257 0 -29.624122619628906 0.13680805265903473 0 -29.624122619628906 -0.13680805265903473 0 -29.799999237060547 -0.3464101552963257 0 -29.695283889770508 -0.25912970304489136 4.775199890136719 -29.88612174987793 -0.38344699144363403 4.775199890136719 -30.0694580078125 -0.3939231038093567 0 -30.30641746520996 0.25711503624916077 16.510000228881836 -30 0 16.750343322753906 -30.399999618530273 0 16.510000228881836 -29.799999237060547 0.3464101552963257 16.510000228881836 -30.0694580078125 0.3939231038093567 16.510000228881836 -29.624122619628906 -0.13680805265903473 16.510000228881836 -29.624122619628906 0.13680805265903473 16.510000228881836 -30.0694580078125 -0.3939231038093567 16.510000228881836 -29.799999237060547 -0.3464101552963257 16.510000228881836 -30.30641746520996 -0.25711503624916077 16.510000228881836 -30.304716110229492 -0.25912970304489136 11.125200271606445 -30.11387825012207 -0.38344699144363403 11.125200271606445 -29.88612174987793 -0.38344699144363403 11.125200271606445 -29.695283889770508 -0.25912970304489136 11.125200271606445 -36.30641555786133 0.25711503624916077 0 -36.400001525878906 0 0 -36.30641555786133 -0.25711503624916077 0 -36.304718017578125 -0.25912970304489136 4.775199890136719 -36.1138801574707 -0.38344699144363403 4.775199890136719 -36.0694580078125 0.3939231038093567 0 -35.79999923706055 0.3464101552963257 0 -35.624122619628906 0.13680805265903473 0 -35.624122619628906 -0.13680805265903473 0 -35.79999923706055 -0.3464101552963257 0 -35.695281982421875 -0.25912970304489136 4.775199890136719 -35.8861198425293 -0.38344699144363403 4.775199890136719 -36.0694580078125 -0.3939231038093567 0 -36.30641555786133 0.25711503624916077 16.510000228881836 -36 0 16.750343322753906 -36.400001525878906 0 16.510000228881836 -35.79999923706055 0.3464101552963257 16.510000228881836 -36.0694580078125 0.3939231038093567 16.510000228881836 -35.624122619628906 -0.13680805265903473 16.510000228881836 -35.624122619628906 0.13680805265903473 16.510000228881836 -36.0694580078125 -0.3939231038093567 16.510000228881836 -35.79999923706055 -0.3464101552963257 16.510000228881836 -36.30641555786133 -0.25711503624916077 16.510000228881836 -36.304718017578125 -0.25912970304489136 11.125200271606445 -36.1138801574707 -0.38344699144363403 11.125200271606445 -35.8861198425293 -0.38344699144363403 11.125200271606445 -35.695281982421875 -0.25912970304489136 11.125200271606445 41.693580627441406 0.25711503624916077 0 41.599998474121094 0 0 41.693580627441406 -0.25711503624916077 0 41.69528579711914 -0.25912970304489136 4.775199890136719 41.8861198425293 -0.38344699144363403 4.775199890136719 41.9305419921875 0.3939231038093567 0 42.19999694824219 0.3464101552963257 0 42.375877380371094 0.13680805265903473 0 42.375877380371094 -0.13680805265903473 0 42.19999694824219 -0.3464101552963257 0 42.304718017578125 -0.25912970304489136 4.775199890136719 42.1138801574707 -0.38344699144363403 4.775199890136719 41.9305419921875 -0.3939231038093567 0 41.693580627441406 0.25711503624916077 16.510000228881836 42 0 16.750343322753906 41.599998474121094 0 16.510000228881836 42.19999694824219 0.3464101552963257 16.510000228881836 41.9305419921875 0.3939231038093567 16.510000228881836 42.375877380371094 -0.13680805265903473 16.510000228881836 42.375877380371094 0.13680805265903473 16.510000228881836 41.9305419921875 -0.3939231038093567 16.510000228881836 42.19999694824219 -0.3464101552963257 16.510000228881836 41.693580627441406 -0.25711503624916077 16.510000228881836 41.69528579711914 -0.25912970304489136 11.125200271606445 41.8861198425293 -0.38344699144363403 11.125200271606445 42.1138801574707 -0.38344699144363403 11.125200271606445 42.304718017578125 -0.25912970304489136 11.125200271606445 -39.306419372558594 0.25711503624916077 0 -39.400001525878906 0 0 -39.306419372558594 -0.25711503624916077 0 -39.304718017578125 -0.25912970304489136 4.775199890136719 -39.1138801574707 -0.38344699144363403 4.775199890136719 -39.0694580078125 0.3939231038093567 0 -38.80000305175781 0.3464101552963257 0 -38.624122619628906 0.13680805265903473 0 -38.624122619628906 -0.13680805265903473 0 -38.80000305175781 -0.3464101552963257 0 -38.695281982421875 -0.25912970304489136 4.775199890136719 -38.8861198425293 -0.38344699144363403 4.775199890136719 -39.0694580078125 -0.3939231038093567 0 -39.306419372558594 0.25711503624916077 16.510000228881836 -39 0 16.750343322753906 -39.400001525878906 0 16.510000228881836 -38.80000305175781 0.3464101552963257 16.510000228881836 -39.0694580078125 0.3939231038093567 16.510000228881836 -38.624122619628906 -0.13680805265903473 16.510000228881836 -38.624122619628906 0.13680805265903473 16.510000228881836 -39.0694580078125 -0.3939231038093567 16.510000228881836 -38.80000305175781 -0.3464101552963257 16.510000228881836 -39.306419372558594 -0.25711503624916077 16.510000228881836 -39.304718017578125 -0.25912970304489136 11.125200271606445 -39.1138801574707 -0.38344699144363403 11.125200271606445 -38.8861198425293 -0.38344699144363403 11.125200271606445 -38.695281982421875 -0.25912970304489136 11.125200271606445 -46.98999786376953 -3.174999952316284 11.125200271606445 -12.699999809265137 -2.1589999198913574 11.125200271606445 -12.699999809265137 -3.174999952316284 11.125200271606445 12.699999809265137 -2.1589999198913574 11.125200271606445 46.98999786376953 -3.174999952316284 11.125200271606445 12.699999809265137 -3.174999952316284 11.125200271606445 -46.98999786376953 -3.174999952316284 4.775199890136719 46.98999786376953 -3.174999952316284 4.775199890136719 2.0252878665924072 -2.1589999198913574 26.375328063964844 2.0252878665924072 3.174999952316284 26.375328063964844 2.2479000091552734 -2.1589999198913574 25.399999618530273 2.2479000091552734 3.174999952316284 25.399999618530273 2.0252878665924072 -2.1589999198913574 24.424671173095703 2.0252878665924072 3.174999952316284 24.424671173095703 1.4015426635742188 3.174999952316284 23.642520904541016 1.4015426635742188 -2.1589999198913574 27.15747833251953 1.4015426635742188 3.174999952316284 27.15747833251953 0.5002048015594482 -2.1589999198913574 27.591541290283203 0.5002048015594482 3.174999952316284 27.591541290283203 -0.5002048015594482 -2.1589999198913574 27.591541290283203 -0.5002048015594482 3.174999952316284 27.591541290283203 -1.4015426635742188 -2.1589999198913574 27.15747833251953 -1.4015426635742188 3.174999952316284 27.15747833251953 -2.0252878665924072 -2.1589999198913574 26.375328063964844 -2.0252878665924072 3.174999952316284 26.375328063964844 -2.2479000091552734 -2.1589999198913574 25.399999618530273 -2.2479000091552734 3.174999952316284 25.399999618530273 -2.0252878665924072 -2.1589999198913574 24.424671173095703 -2.0252878665924072 3.174999952316284 24.424671173095703 -1.4015426635742188 -2.1589999198913574 23.642520904541016 -1.4015426635742188 3.174999952316284 23.642520904541016 -0.5002048015594482 -2.1589999198913574 23.208457946777344 -0.5002048015594482 3.174999952316284 23.208457946777344 0.5002048015594482 -2.1589999198913574 23.208457946777344 0.5002048015594482 3.174999952316284 23.208457946777344 1.4015426635742188 -2.1589999198913574 23.642520904541016 48.892608642578125 3.174999952316284 0.23101836442947388 47.48821258544922 0.4896931052207947 4.006444931030273 48.20501708984375 -0.05079999938607216 5.016882419586182 49.23506164550781 -0.05079999938607216 5.705136299133301 49.326507568359375 0.4896931052207947 4.73427677154541 48.453330993652344 0.4896931052207947 4.254245281219482 49.92332077026367 -0.05079999938607216 6.735179901123047 50.0528678894043 0.4896931052207947 5.416376113891602 52.261959075927734 3.174999952316284 1.999389886856079 50.68464279174805 3.174999952316284 0.9106475114822388 50.165000915527344 -0.05079999938607216 7.950200080871582 50.894691467285156 0.4896931052207947 7.205340385437012 50.58677673339844 0.4896931052207947 6.257684707641602 53.53288650512695 3.174999952316284 3.433971643447876 49.92332077026367 -0.05079999938607216 9.1652193069458 50.770545959472656 0.4896931052207947 9.178573608398438 50.95725631713867 0.4896931052207947 8.199798583984375 54.88223648071289 3.174999952316284 6.991909027099609 54.88223648071289 3.174999952316284 8.908490180969238 54.42356491088867 3.174999952316284 10.769380569458008 50.346290588378906 0.4896931052207947 10.080164909362793 49.23506164550781 -0.05079999938607216 10.195263862609863 49.711143493652344 0.4896931052207947 10.847923278808594 48.90502166748047 0.4896931052207947 11.433606147766113 52.261959075927734 3.174999952316284 13.901009559631348 50.68464279174805 3.174999952316284 14.989752769470215 48.20501708984375 -0.05079999938607216 10.883517265319824 47.97856903076172 0.4896931052207947 11.8004150390625 48.892608642578125 3.174999952316284 15.669382095336914 53.53288650512695 3.174999952316284 12.466428756713867 54.42356491088867 3.174999952316284 5.1310200691223145 -15.875 3.174999952316284 25.399999618530273 15.875 3.174999952316284 25.399999618530273 20.637500762939453 3.174999952316284 19.049999237060547 -20.637500762939453 3.174999952316284 19.049999237060547 57.150001525878906 3.174999952316284 0 57.150001525878906 3.174999952316284 19.049999237060547 -57.150001525878906 3.174999952316284 19.049999237060547 -48.892608642578125 3.174999952316284 15.669382095336914 -50.68464279174805 3.174999952316284 14.989752769470215 -52.261959075927734 3.174999952316284 13.901009559631348 -53.53288650512695 3.174999952316284 12.466428756713867 -54.42356491088867 3.174999952316284 10.769380569458008 -54.88223648071289 3.174999952316284 8.908490180969238 -57.150001525878906 3.174999952316284 0 -54.88223648071289 3.174999952316284 6.991909027099609 -54.42356491088867 3.174999952316284 5.1310200691223145 -53.53288650512695 3.174999952316284 3.433971643447876 -52.261959075927734 3.174999952316284 1.999389886856079 -50.68464279174805 3.174999952316284 0.9106475114822388 -48.892608642578125 3.174999952316284 0.23101836442947388 -48.20501708984375 -0.05079999938607216 5.016882419586182 -47.48821258544922 0.4896931052207947 4.006444931030273 -48.453330993652344 0.4896931052207947 4.254245281219482 -49.326507568359375 0.4896931052207947 4.73427677154541 -49.23506164550781 -0.05079999938607216 5.705136299133301 -50.0528678894043 0.4896931052207947 5.416376113891602 -49.92332077026367 -0.05079999938607216 6.735179901123047 -50.58677673339844 0.4896931052207947 6.257684707641602 -50.894691467285156 0.4896931052207947 7.205340385437012 -50.95725631713867 0.4896931052207947 8.199798583984375 -50.165000915527344 -0.05079999938607216 7.950200080871582 -50.770545959472656 0.4896931052207947 9.178573608398438 -49.92332077026367 -0.05079999938607216 9.1652193069458 -50.346290588378906 0.4896931052207947 10.080164909362793 -49.23506164550781 -0.05079999938607216 10.195263862609863 -49.711143493652344 0.4896931052207947 10.847923278808594 -48.90502166748047 0.4896931052207947 11.433606147766113 -47.97856903076172 0.4896931052207947 11.8004150390625 -48.20501708984375 -0.05079999938607216 10.883517265319824 -48.20501708984375 -3.174999952316284 5.016882419586182 -49.23506164550781 -3.174999952316284 5.705136299133301 -49.92332077026367 -3.174999952316284 6.735179901123047 -50.165000915527344 -3.174999952316284 7.950200080871582 -49.92332077026367 -3.174999952316284 9.1652193069458 -49.23506164550781 -3.174999952316284 10.195263862609863 -48.20501708984375 -3.174999952316284 10.883517265319824 48.20501708984375 -3.174999952316284 10.883517265319824 49.23506164550781 -3.174999952316284 10.195263862609863 49.92332077026367 -3.174999952316284 9.1652193069458 50.165000915527344 -3.174999952316284 7.950200080871582 49.92332077026367 -3.174999952316284 6.735179901123047 49.23506164550781 -3.174999952316284 5.705136299133301 48.20501708984375 -3.174999952316284 5.016882419586182 57.150001525878906 -3.174999952316284 19.049999237060547 20.637500762939453 -3.174999952316284 19.049999237060547 15.875 -3.174999952316284 25.399999618530273 57.150001525878906 -3.174999952316284 0 -57.150001525878906 -3.174999952316284 0 -57.150001525878906 -3.174999952316284 19.049999237060547 -20.637500762939453 -3.174999952316284 19.049999237060547 -15.875 -3.174999952316284 25.399999618530273 </float_array>
          <technique_common>
            <accessor source="#mesh_1-position-array" count="1443" stride="3">
              <param name="X" type="float" />
              <param name="Y" type="float" />
              <param name="Z" type="float" />
            </accessor>
          </technique_common>
        </source>
        <source id="mesh_1-normal" name="normal">
          <float_array id="mesh_1-normal-array" count="1962">0.9396882653236389 -0.3420197069644928 -0.0029112016782164574 0.9425933957099915 -0.33391934633255005 -0.003938244190067053 0.9396872520446777 0.34201934933662415 0.0032537830993533134 0.9302254319190979 0.36698731780052185 0.0009975722059607506 0.5625941753387451 0.8267326951026917 -0.0009244983666576445 0.5806072950363159 -0.8141817450523376 0.0018096371786668897 0.4999801218509674 -0.8659859895706177 0.009387657046318054 0.20344491302967072 -0.9790796637535095 -0.003628806211054325 -0.17364180088043213 -0.9847763776779175 0.008003798313438892 -0.20599651336669922 -0.9785400032997131 0.004985502455383539 -0.5773468613624573 -0.8164939880371094 -0.0028511264827102423 -0.7660067081451416 -0.6427597999572754 0.009672926738858223 -0.9994329214096069 0 -0.03367263823747635 -0.7660161256790161 0.6427677273750305 0.008301030844449997 -0.930208683013916 0.36698073148727417 -0.006077227182686329 -0.9525289535522461 -0.3038734495639801 0.018694886937737465 -0.5625851154327393 0.826719343662262 -0.005748678930103779 -0.17364276945590973 0.9847818613052368 0.007274425122886896 0 0.9999918937683105 -0.004025187809020281 0.49999624490737915 0.8660139441490173 0.004859090782701969 0.5062201619148254 -0.18424969911575317 -0.8424922823905945 -0.0935453325510025 -0.530524492263794 -0.8424921631813049 -0.5387073159217834 0 -0.8424929976463318 -0.0935453325510025 0.530524492263794 -0.8424921631813049 0.5062201619148254 0.18424969911575317 -0.8424922823905945 0.26935526728630066 -0.4665343463420868 -0.842492401599884 0.26935526728630066 0.4665343463420868 -0.842492401599884 -0.4126732647418976 -0.34627607464790344 -0.8424925208091736 -0.4126732647418976 0.34627607464790344 -0.8424925208091736 -0.9302123785018921 0.36698219180107117 0.005389259662479162 -0.9999752640724182 0 -0.007032659836113453 -0.7657501101493835 -0.6425445079803467 0.027628431096673012 -0.7660217881202698 0.6427724361419678 -0.0073613449931144714 -0.5625871419906616 0.826722264289856 0.005097902379930019 -0.17364375293254852 0.9847874045372009 -0.0064509413205087185 0 0.999993622303009 0.003569511929526925 0.4999975264072418 0.8660160899162292 -0.0043090153485536575 0.5625942349433899 0.8267327547073364 0.0008198381401598454 0.9302254915237427 0.3669873774051666 -0.0008846395066939294 0.9396883249282837 0.3420197367668152 -0.0028854331467300653 0.9428055286407471 -0.33332499861717224 0.0034868749789893627 0.9396892189979553 -0.34202006459236145 0.0025291817728430033 0.5804426670074463 -0.8142995834350586 -0.0015735351480543613 0.49998578429222107 -0.8659958243370056 -0.008091193623840809 0.20359542965888977 -0.9790500998497009 0.0031222128309309483 -0.17364326119422913 -0.9847846031188965 -0.006877560168504715 -0.20579415559768677 -0.9785858392715454 -0.004300302360206842 -0.5776193141937256 -0.8163025379180908 0.0024628513492643833 -0.954590916633606 -0.29696375131607056 -0.0238474290817976 0 0.8286440372467041 -0.5597758889198303 -1.996882588173321E-07 0.8286444544792175 -0.5597752928733826 3.8982481243010625E-08 0.8286453485488892 -0.5597739219665527 -1.572919039460885E-08 0.828644871711731 -0.55977463722229 -6.138065344885035E-08 0.8286441564559937 -0.5597757697105408 0 0.8286443948745728 -0.5597753524780273 -1.5035078604341834E-07 0.8286430835723877 -0.5597773194313049 0 0.8286441564559937 -0.559775710105896 0 0.828644871711731 -0.5597746968269348 0 0.8286453485488892 -0.5597739219665527 -5.093334607408906E-07 0.8286440968513489 -0.5597758293151855 1.691445650209289E-09 0.8286442160606384 -0.5597756505012512 2.2305050606519217E-07 0.8286442160606384 -0.5597756505012512 6.247493047339958E-07 0.8286439180374146 -0.5597761273384094 0 0.8286444544792175 -0.5597752332687378 0 0.8286442160606384 -0.5597756505012512 -1.0920655313384486E-07 0.8286442160606384 -0.5597756505012512 -3.958854222219088E-07 0.8286442756652832 -0.5597755312919617 1.0505882528377697E-06 0.8286458253860474 -0.5597732663154602 0 0.8286441564559937 0.559775710105896 1.266040383640643E-09 0.8286441564559937 0.559775710105896 -6.698467558408083E-08 0.8286442160606384 0.5597756505012512 8.27043855622378E-09 0.8286442160606384 0.5597755908966064 4.026960986891481E-09 0.8286442160606384 0.5597755908966064 0 0.8286433815956116 0.5597768425941467 0 0.828644335269928 0.5597754716873169 0 0.8286442160606384 0.5597756505012512 1.5059082869584017E-08 0.8286442756652832 0.5597755312919617 0 0.8286441564559937 0.5597757697105408 6.796507800999052E-09 0.8286441564559937 0.559775710105896 -3.826052363820054E-08 0.8286434412002563 0.559776782989502 6.067570978984804E-08 0.828644335269928 0.5597754716873169 2.4651635399663974E-08 0.8286441564559937 0.559775710105896 -0 0.8286442160606384 0.5597755908966064 5.03575108723453E-07 0.8286440968513489 0.5597757697105408 -1.780709624199517E-08 0.8286442160606384 0.5597756505012512 8.853813682208056E-08 0.8286443948745728 0.5597754120826721 0.9749279022216797 0 -0.22252096235752106 0.9749279022216797 0 0.22252096235752106 0.7818312644958496 0 0.623490035533905 0.7818312644958496 0 -0.623490035533905 0.43388649821281433 0 -0.900967538356781 0 0 -1 -0.43388649821281433 0 -0.900967538356781 -0.7818312644958496 0 -0.623490035533905 -0.9749279022216797 0 -0.22252096235752106 -0.9749279022216797 0 0.22252096235752106 -0.7818312644958496 0 0.623490035533905 -0.43388262391090393 0 0.900969386100769 0 -0 1 0.43388262391090393 -0 0.900969386100769 0.9396957755088806 -0.34201058745384216 -0.0007733731181360781 0.954561173915863 -0.297990620136261 -0.003817333374172449 0.9396918416023254 0.34200912714004517 0.0030012568458914757 0.9147008657455444 0.40413159132003784 -0.00015557823644485325 0.5458354949951172 0.8378923535346985 0.00015892196097411215 0.5949717164039612 -0.8037465214729309 0.0004857626336161047 0.49999141693115234 -0.8660140037536621 0.005326814483851194 0.21003150939941406 -0.9776923656463623 -0.002105140592902899 -0.17364566028118134 -0.9847983717918396 0.004393045790493488 -0.2114279717206955 -0.977390468120575 0.002456899732351303 -0.5935439467430115 -0.8048001527786255 -0.001530109322629869 -0.7660333514213562 -0.6427767276763916 0.005572293419390917 -0.9998460412025452 0 -0.017545614391565323 -0.7660354375839233 0.6427784562110901 0.005049465224146843 -0.9146959185600281 0.40412941575050354 -0.003279212163761258 -0.959873616695404 -0.2802804708480835 0.009245520457625389 -0.5458324551582336 0.837887704372406 -0.0033454580698162317 -0.17364557087421417 0.9847978949546814 0.004506444092839956 0 0.999997615814209 -0.0021938530262559652 0.4999966323375702 0.8660230040550232 0.002751376014202833 0.5062206387519836 -0.18424347043037415 -0.8424933552742004 -0.09354519844055176 -0.5305238366127014 -0.8424925804138184 -0.5387084484100342 0 -0.8424922823905945 -0.09354519844055176 0.5305238366127014 -0.8424925804138184 0.5062206387519836 0.18424347043037415 -0.8424933552742004 0.2693525552749634 -0.46653419733047485 -0.8424933552742004 0.2693525552749634 0.46653419733047485 -0.8424933552742004 -0.41267478466033936 -0.34627440571784973 -0.8424924612045288 -0.41267478466033936 0.34627440571784973 -0.8424924612045288 0.9547470808029175 -0.29739975929260254 0.003379719564691186 0.9396927356719971 0.3420094847679138 -0.002661494305357337 0.9147008657455444 0.40413159132003784 0.00013796560233458877 0.5458354949951172 0.8378923535346985 -0.00014093077334109694 0.49999701976776123 0.8660236597061157 -0.0024399012327194214 -0 0.9999980926513672 0.0019454931607469916 -0.17364594340324402 0.9848000407218933 -0.0039962888695299625 -0.5458330512046814 0.8378886580467224 0.0029667301569133997 -0.7660375237464905 0.6427802443504333 -0.0044778394512832165 -0.914696991443634 0.40412986278533936 0.0029079837258905172 -0.9999924898147583 0 -0.00387768168002367 -0.765900731086731 -0.642665445804596 0.019420715048909187 0.9396958351135254 -0.34201061725616455 0.0006775189540348947 0.5949292182922363 -0.8037779927253723 -0.00042565472540445626 0.49999311566352844 -0.8660169243812561 -0.0046460749581456184 0.21011419594287872 -0.9776751399040222 0.0018343502888455987 -0.17364606261253357 -0.9848006963729858 -0.0038253781385719776 -0.21133266389369965 -0.9774118661880493 -0.002143698511645198 -0.5936816334724426 -0.8046989440917969 0.0013359657023102045 -0.9620823264122009 -0.2723429799079895 -0.015064501203596592 0.9396901726722717 -0.3420259654521942 -0.000773339590523392 0.9545570015907288 -0.29800400137901306 -0.0038174728397279978 0.9396862387657166 0.3420245349407196 0.003001424251124263 0.9147008657455444 0.40413159132003784 -0.00015466485638171434 0.5458258986473083 0.8378986120223999 0.0001594730420038104 0.49999895691871643 -0.8660095930099487 0.005326445214450359 0.21003729104995728 -0.977691113948822 -0.0021052402444183826 -0.7660354375839233 0.6427784562110901 0.00505023030564189 -0.9146959185600281 0.40412941575050354 -0.003278298769146204 -0.9598701596260071 -0.28029224276542664 0.009246676228940487 -0.5458228588104248 0.8378939032554626 -0.0033452368807047606 0.5000041723251343 0.8660186529159546 0.002750956453382969 0.506219744682312 -0.18425253033638 -0.842491865158081 0.506219744682312 0.18425253033638 -0.842491865158081 0.26935723423957825 -0.4665328860282898 -0.8424925804138184 0.26935723423957825 0.4665328860282898 -0.8424925804138184 0.9547429084777832 -0.2974131107330322 0.003379843197762966 0.9396871328353882 0.34202486276626587 -0.002661642851307988 0.9147008657455444 0.40413159132003784 0.0001371556136291474 0.5458258986473083 0.8378986120223999 -0.0001414194848621264 0.5000045895576477 0.8660193085670471 -0.0024395291693508625 -0.5458235144615173 0.8378949165344238 0.002966534113511443 -0.7660375237464905 0.6427802443504333 -0.004478517919778824 -0.914696991443634 0.40412986278533936 0.0029071737080812454 -0.9999924898147583 0 -0.003878567134961486 -0.765900731086731 -0.642665445804596 0.019420037046074867 0.9396902322769165 -0.3420259952545166 0.0006774895591661334 0.5000006556510925 -0.8660125732421875 -0.0046457527205348015 0.21011997759342194 -0.9776738882064819 0.0018344371346756816 -0.9620783925056458 -0.2723568081855774 -0.015064191073179245 0.9545588493347168 -0.29799798130989075 -0.0038178865797817707 0.9396862387657166 0.3420245349407196 0.0030009550973773003 0.9147008657455444 0.40413159132003784 -0.0001551215536892414 0.5458306670188904 0.8378954529762268 0.00015919750148896128 0.4999952018260956 -0.8660117983818054 0.0053266300819814205 0.21003440022468567 -0.9776917099952698 -0.0021051904186606407 -0.5935372114181519 -0.8048050999641418 -0.0015300310915336013 -0.7660333514213562 -0.6427766680717468 0.005572717636823654 -0.9998461008071899 0 -0.01754506304860115 -0.7660354375839233 0.6427784562110901 0.00504984799772501 -0.9146959185600281 0.40412941575050354 -0.003278755582869053 -0.9598737955093384 -0.28027984499931335 0.009245989844202995 -0.5458276271820068 0.8378908038139343 -0.003345347475260496 0.5000004172325134 0.8660207986831665 0.002751166233792901 0.5062175989151001 -0.18425175547599792 -0.8424933552742004 0.5062175989151001 0.18425175547599792 -0.8424933552742004 0.269354909658432 -0.4665335416793823 -0.842492938041687 0.269354909658432 0.4665335416793823 -0.842492938041687 0.954744815826416 -0.29740703105926514 0.0033802094403654337 0.9396871328353882 0.34202486276626587 -0.0026612267829477787 0.9147008657455444 0.40413159132003784 0.0001375606079818681 0.5458306670188904 0.8378954529762268 -0.00014117512910161167 0.5000007748603821 0.8660215139389038 -0.002439715201035142 -0.5458282828330994 0.8378918170928955 0.0029666321352124214 -0.7660375237464905 0.6427802443504333 -0.0044781784527003765 -0.914696991443634 0.40412986278533936 0.0029075786005705595 -0.9999924898147583 0 -0.0038781245239079 -0.765900731086731 -0.642665445804596 0.019420376047492027 0.4999969005584717 -0.8660147190093994 -0.00464591383934021 0.21011708676815033 -0.9776744842529297 0.0018343937117606401 -0.593674898147583 -0.8047038912773132 0.001335897366516292 -0.9620825052261353 -0.272342324256897 -0.015064982697367668 0.9396929740905762 -0.3420182764530182 -0.000773356354329735 0.9545590877532959 -0.2979973256587982 -0.0038174032233655453 0.939689040184021 0.3420168459415436 0.003001340664923191 0.914696991443634 0.4041403532028198 -0.00015557317237835377 0.5458306670188904 0.8378954529762268 0.00015892497322056442 -0.21142509579658508 -0.9773911237716675 0.002457047812640667 -0.5935441851615906 -0.8047999739646912 -0.0015297719510272145 0.5000004172325134 0.8660207986831665 0.002750916639342904 0.5062201619148254 -0.18424800038337708 -0.8424925804138184 0.5062201619148254 0.18424800038337708 -0.8424925804138184 0.9547449946403503 -0.2974064350128174 0.0033797812648117542 0.9396899342536926 0.34201717376708984 -0.0026615685783326626 0.914696991443634 0.4041403532028198 0.00013796109124086797 0.5458306670188904 0.8378954529762268 -0.00014093345089349896 0.5000007748603821 0.8660215139389038 -0.002439493779093027 0.939693033695221 -0.3420183062553406 0.0006775042274966836 -0.21132977306842804 -0.9774124622344971 -0.0021438277326524258 -0.593681812286377 -0.8046987652778625 0.0013356710551306605 0.9545609354972839 -0.2979912757873535 -0.0038178167305886745 0.939689040184021 0.3420168459415436 0.0030008715111762285 0.21003444492816925 -0.9776917099952698 -0.002105069113895297 -0.17364715039730072 -0.9847981333732605 0.004392969887703657 -0.9146920442581177 0.4041381776332855 -0.0032784733921289444 -0.9598720669746399 -0.28028571605682373 0.009246567264199257 -0.17364706099033356 0.9847976565361023 0.004506415221840143 0.4999966323375702 0.8660230040550232 0.0027511264197528362 -0.09354596585035324 -0.5305234789848328 -0.8424926996231079 -0.09354596585035324 0.5305234789848328 -0.8424926996231079 0.2693531811237335 -0.4665352404117584 -0.8424925804138184 0.2693531811237335 0.4665352404117584 -0.8424925804138184 0.9547469019889832 -0.2974003255367279 0.0033801477402448654 0.9396899342536926 0.34201717376708984 -0.002661152509972453 0.49999701976776123 0.8660236597061157 -0.0024396798107773066 -0.1736474335193634 0.9847998023033142 -0.003996263258159161 -0.9146931171417236 0.40413862466812134 0.0029073285404592752 0.21011711657047272 -0.9776744842529297 0.0018342880066484213 -0.17364755272865295 -0.9848004579544067 -0.00382531201466918 -0.9620805382728577 -0.2723492383956909 -0.015064827166497707 0.9545600414276123 -0.29799431562423706 -0.00381760997697711 0.939689040184021 0.3420168459415436 0.003001105971634388 0.9146988987922668 0.40413597226142883 -0.0001555757044116035 0.5458331108093262 0.8378939032554626 0.00015892345982138067 0.49999329447746277 -0.8660128712654114 0.0053267222829163074 0.21003441512584686 -0.9776917099952698 -0.0021051298826932907 -0.17364640533924103 -0.98479825258255 0.004393008071929216 -0.7660312056541443 -0.6427792310714722 0.005572618916630745 -0.9998460412025452 0 -0.017545338720083237 -0.7660332918167114 0.6427810192108154 0.005049753934144974 -0.9146940112113953 0.40413379669189453 -0.003278842894360423 -0.959872841835022 -0.2802830934524536 0.009246043860912323 -0.5458300113677979 0.8378892540931702 -0.0033452664501965046 -0.17364631593227386 0.9847977757453918 0.004506472963839769 0.4999985098838806 0.8660218715667725 0.0027511464431881905 -0.0935455784201622 -0.5305236577987671 -0.8424926400184631 -0.5387071967124939 0 -0.8424930572509766 -0.0935455784201622 0.5305236577987671 -0.8424926400184631 0.26935404539108276 -0.4665343761444092 -0.8424927592277527 0.26935404539108276 0.4665343761444092 -0.8424927592277527 -0.4126732647418976 -0.3462754786014557 -0.8424927592277527 -0.4126732647418976 0.3462754786014557 -0.8424927592277527 0.9547459483146667 -0.29740339517593384 0.00337996450252831 0.9396899342536926 0.34201717376708984 -0.002661360427737236 0.9146988987922668 0.40413597226142883 0.00013796334678772837 0.5458331108093262 0.8378939032554626 -0.00014093211211729795 0.49999889731407166 0.8660225868225098 -0.0024396975059062243 -0.1736466884613037 0.9847999215126038 -0.0039963144809007645 -0.5458306670188904 0.8378902673721313 0.002966560423374176 -0.7660353779792786 0.6427828073501587 -0.004478095564991236 -0.9146950840950012 0.40413424372673035 0.0029076561331748962 -0.765898585319519 -0.6426680088043213 0.019420472905039787 0.49999499320983887 -0.8660158514976501 -0.004645994398742914 0.21011710166931152 -0.9776744842529297 0.0018343408592045307 -0.17364680767059326 -0.9848005771636963 -0.0038253450766205788 -0.9620814919471741 -0.27234578132629395 -0.0150649044662714 0.9396922588348389 -0.342020183801651 -0.0007733521633781493 0.9545595049858093 -0.29799598455429077 -0.003817627439275384 0.9396883249282837 0.3420187532901764 0.003001126926392317 0.9146988987922668 0.40413597226142883 -0.00015546153008472174 0.5458306670188904 0.8378954529762268 0.00015899310528766364 -0.2114258110523224 -0.9773909449577332 0.002457010792568326 -0.5935441255569458 -0.8048000335693359 -0.0015298562357202172 -0.7660322785377502 -0.6427779793739319 0.005572562105953693 -0.7660343647003174 0.6427797675132751 0.005049800965934992 -0.9146940112113953 0.40413379669189453 -0.003278728574514389 -0.9598724246025085 -0.2802845537662506 0.009246188215911388 -0.5458288192749023 0.8378900289535522 -0.0033453069627285004 -0.17364631593227386 0.9847977757453918 0.004506451543420553 0.4999985098838806 0.8660218715667725 0.0027510840445756912 0.5062195658683777 -0.1842489391565323 -0.8424928188323975 -0.5387078523635864 0 -0.8424926400184631 0.5062195658683777 0.1842489391565323 -0.8424928188323975 -0.41267403960227966 -0.3462749421596527 -0.8424926400184631 -0.41267403960227966 0.3462749421596527 -0.8424926400184631 0.9547454118728638 -0.29740506410598755 0.003379979869350791 0.9396892189979553 0.34201908111572266 -0.0026613790541887283 0.9146988987922668 0.40413597226142883 0.0001378620945615694 0.5458306670188904 0.8378954529762268 -0.00014099387044552714 0.49999889731407166 0.8660225868225098 -0.0024396420922130346 -0.1736466884613037 0.9847999215126038 -0.003996295388787985 -0.5458294749259949 0.8378910422325134 0.0029665962792932987 -0.7660364508628845 0.6427814960479736 -0.004478137008845806 -0.9146950840950012 0.40413424372673035 0.002907554851844907 -0.9999924898147583 0 -0.0038782351184636354 -0.765899658203125 -0.642666757106781 0.019420338794589043 0.9396923184394836 -0.3420202136039734 0.000677500560414046 -0.21133050322532654 -0.9774122834205627 -0.002143795369192958 -0.5936817526817322 -0.8046988248825073 0.001335744746029377 -0.9620809555053711 -0.27234765887260437 -0.015064745210111141 0.5458312630653381 0.8378950953483582 0.0001589927269378677 0.49999284744262695 -0.8660131692886353 0.0053267451003193855 0.2100347876548767 -0.977691650390625 -0.0021051056683063507 -0.17364658415317535 -0.98479825258255 0.004392985720187426 -0.21142545342445374 -0.9773910641670227 0.002457014285027981 -0.593543291091919 -0.8048006296157837 -0.0015298464568331838 -0.7660328149795532 -0.6427773237228394 0.005572639871388674 -0.9998461008071899 0 -0.017545200884342194 -0.7660349011421204 0.6427791118621826 0.005049824248999357 -0.9146935343742371 0.4041348993778229 -0.003278636373579502 -0.9598724842071533 -0.28028440475463867 0.00924630556255579 -0.5458282232284546 0.8378903865814209 -0.0033453272189944983 -0.1736464947462082 0.9847977161407471 0.004506437107920647 0.4999980330467224 0.8660221695899963 0.00275114132091403 0.5062198042869568 -0.18424904346466064 -0.8424925804138184 -0.09354566782712936 -0.5305235981941223 -0.8424926996231079 -0.09354566782712936 0.5305235981941223 -0.8424926996231079 0.5062198042869568 0.18424904346466064 -0.8424925804138184 0.2693538963794708 -0.46653473377227783 -0.8424926400184631 0.2693538963794708 0.46653473377227783 -0.8424926400184631 -0.412674218416214 -0.3462745249271393 -0.8424926996231079 -0.412674218416214 0.3462745249271393 -0.8424926996231079 0.5458312630653381 0.8378950953483582 -0.00014099353575147688 0.49999845027923584 0.8660228848457336 -0.002439693082123995 -0.17364686727523804 0.984799861907959 -0.00399628235027194 -0.5458288788795471 0.8378913998603821 0.00296661420725286 -0.7660369873046875 0.6427809000015259 -0.004478157963603735 -0.9146945476531982 0.4041353464126587 0.0029074728954583406 -0.9999924898147583 0 -0.0038783459458500147 -0.765900194644928 -0.6426661014556885 0.019420230761170387 0.49999451637268066 -0.8660160899162292 -0.004646014887839556 0.21011747419834137 -0.9776744246482849 0.00183431978803128 -0.1736469864845276 -0.9848005175590515 -0.0038253257516771555 -0.2113301306962967 -0.9774124026298523 -0.0021437983959913254 -0.5936809182167053 -0.8046994209289551 0.0013357361312955618 -0.9620810151100159 -0.2723475992679596 -0.015064805746078491 0.5949649214744568 -0.803751528263092 0.00048578056157566607 0.49999141693115234 -0.8660140037536621 0.0053265281021595 0.21003733575344086 -0.977691113948822 -0.002105118939653039 -0.7660290598869324 -0.6427817940711975 0.005572520196437836 -0.7660311460494995 0.6427835822105408 0.0050500426441431046 -0.9598718881607056 -0.28028634190559387 0.009246098808944225 -0.5458276271820068 0.8378908038139343 -0.003345075063407421 -0.17364706099033356 0.9847976565361023 0.0045065018348395824 -0.5387060046195984 0 -0.8424938321113586 -0.4126717448234558 -0.34627655148506165 -0.8424930572509766 -0.4126717448234558 0.34627655148506165 -0.8424930572509766 -0.1736474335193634 0.9847998023033142 -0.003996340092271566 -0.5458282828330994 0.8378918170928955 0.0029663904570043087 -0.7660332322120667 0.642785370349884 -0.004478351678699255 -0.7658964395523071 -0.6426705718040466 0.019420569762587547 0.5949224233627319 -0.8037829995155334 -0.0004256704414729029 0.49999311566352844 -0.8660169243812561 -0.0046458253636956215 0.21012000739574432 -0.9776738882064819 0.0018343314295634627 0.5458318591117859 0.8378946781158447 0.00015899234858807176 0.21003516018390656 -0.9776915907859802 -0.0021051119547337294 -0.17364640533924103 -0.98479825258255 0.004392982926219702 -0.2114250808954239 -0.9773911237716675 0.0024570177774876356 -0.7660333514213562 -0.6427766680717468 0.005572611466050148 -0.9146940112113953 0.40413379669189453 -0.0032786144874989986 -0.17364631593227386 0.9847977757453918 0.00450642965734005 0.5062201023101807 -0.1842491328716278 -0.842492401599884 -0.09354556351900101 -0.5305235981941223 -0.8424926996231079 -0.09354556351900101 0.5305235981941223 -0.8424926996231079 0.5062201023101807 0.1842491328716278 -0.842492401599884 0.2693541944026947 -0.46653464436531067 -0.8424925804138184 0.2693541944026947 0.46653464436531067 -0.8424925804138184 -0.4126744270324707 -0.34627410769462585 -0.8424927592277527 -0.4126744270324707 0.34627410769462585 -0.8424927592277527 0.5458318591117859 0.8378946781158447 -0.00014099320105742663 -0.1736466884613037 0.9847999215126038 -0.003996276296675205 -0.9146950840950012 0.40413424372673035 0.0029074535705149174 -0.765900731086731 -0.642665445804596 0.019420206546783447 0.21011783182621002 -0.9776743650436401 0.001834325259551406 -0.17364680767059326 -0.9848005771636963 -0.0038253229577094316 -0.21132977306842804 -0.9774124622344971 -0.002143801422789693 0.9146984219551086 0.4041370451450348 -0.0001555179915158078 0.5458312630653381 0.8378950953483582 0.0001589586609043181 0.5949708819389343 -0.8037471175193787 0.0004857648746110499 0.49999284744262695 -0.8660131692886353 0.00532670971006155 0.2100347876548767 -0.977691650390625 -0.002105120802298188 -0.17364658415317535 -0.98479825258255 0.004392998293042183 -0.21142545342445374 -0.9773910641670227 0.0024570294190198183 -0.5935441255569458 -0.8047999739646912 -0.0015298140933737159 -0.7660322785377502 -0.6427779793739319 0.0055726151913404465 -0.9998460412025452 0 -0.017545269802212715 -0.7660343647003174 0.6427797675132751 0.0050498489290475845 -0.9146940112113953 0.40413379669189453 -0.003278671531006694 -0.9598724246025085 -0.28028449416160583 0.00924624688923359 -0.5458282232284546 0.8378903865814209 -0.003345293225720525 -0.1736464947462082 0.9847977161407471 0.004506447818130255 0.4999980330467224 0.8660221695899963 0.0027511101216077805 -0.09354567527770996 -0.5305236577987671 -0.8424926400184631 -0.09354567527770996 0.5305236577987671 -0.8424926400184631 0.26935383677482605 -0.4665345847606659 -0.8424926996231079 0.26935383677482605 0.4665345847606659 -0.8424926996231079 0.9146984219551086 0.4041370451450348 0.0001379121677018702 0.5458312630653381 0.8378950953483582 -0.0001409633259754628 0.49999845027923584 0.8660228848457336 -0.0024396653752774 -0.17364686727523804 0.984799861907959 -0.003996292129158974 -0.5458288788795471 0.8378913998603821 0.002966583939269185 -0.7660364508628845 0.6427814960479736 -0.004478179384022951 -0.9146950840950012 0.40413424372673035 0.002907504327595234 -0.9999924898147583 0 -0.003878290532156825 -0.765899658203125 -0.642666757106781 0.01942029781639576 0.5949283242225647 -0.8037786483764648 -0.00042565667536109686 0.49999451637268066 -0.8660160899162292 -0.004645983688533306 0.21011745929718018 -0.9776744246482849 0.0018343330593779683 -0.1736469864845276 -0.9848005175590515 -0.0038253366947174072 -0.2113301306962967 -0.9774124026298523 -0.0021438116673380136 -0.593681812286377 -0.8046987652778625 0.0013357078423723578 0.9396923780441284 -0.3420200049877167 -0.0007733565871603787 0.9545595049858093 -0.2979958653450012 -0.0038176262751221657 0.9396883845329285 0.34201857447624207 0.0030011250637471676 0.9146987795829773 0.4041362404823303 -0.00015548635565210134 0.5458313226699829 0.8378950953483582 0.00015897781122475863 0.5949713587760925 -0.80374675989151 0.0004857608873862773 0.4999929368495941 -0.8660131096839905 0.005326725076884031 0.2100347876548767 -0.977691650390625 -0.002105115447193384 -0.17364653944969177 -0.98479825258255 0.0043929931707680225 -0.21142545342445374 -0.9773910641670227 0.0024570198729634285 -0.5935438275337219 -0.8048002123832703 -0.0015298367943614721 -0.7660325169563293 -0.642777681350708 0.005572614260017872 -0.9998460412025452 0 -0.017545253038406372 -0.7660346627235413 0.6427794694900513 0.0050498307682573795 -0.9146938920021057 0.404134064912796 -0.0032786699011921883 -0.9598724842071533 -0.2802843749523163 0.009246252477169037 -0.5458282828330994 0.8378903865814209 -0.00334531394764781 -0.1736464500427246 0.9847977757453918 0.004506442230194807 0.4999981224536896 0.8660221099853516 0.0027511233929544687 0.506219744682312 -0.1842489093542099 -0.8424926996231079 -0.09354564547538757 -0.5305235981941223 -0.8424926996231079 -0.5387077927589417 0 -0.8424926996231079 -0.09354564547538757 0.5305235981941223 -0.8424926996231079 0.506219744682312 0.1842489093542099 -0.8424926996231079 0.2693538963794708 -0.4665346145629883 -0.8424926996231079 0.2693538963794708 0.4665346145629883 -0.8424926996231079 -0.41267409920692444 -0.3462747037410736 -0.8424926996231079 -0.41267409920692444 0.3462747037410736 -0.8424926996231079 0.9547454714775085 -0.297404944896698 0.0033799789380282164 0.9396892786026001 0.34201890230178833 -0.002661377191543579 0.9146987795829773 0.4041362404823303 0.0001378841116093099 0.5458313226699829 0.8378950953483582 -0.0001409803080605343 0.499998539686203 0.8660228252410889 -0.0024396772496402264 -0.17364682257175446 0.984799861907959 -0.003996287472546101 -0.5458289384841919 0.8378913998603821 0.0029666023328900337 -0.7660367488861084 0.6427811980247498 -0.004478163551539183 -0.9146949648857117 0.4041345417499542 0.0029075026977807283 -0.9999924898147583 0 -0.0038782975170761347 -0.7658999562263489 -0.6426663994789124 0.019420279189944267 0.9396924376487732 -0.34202003479003906 0.0006775044603273273 0.5949288606643677 -0.8037782311439514 -0.0004256532120052725 0.4999946355819702 -0.8660160303115845 -0.004645996727049351 0.21011745929718018 -0.9776744246482849 0.0018343282863497734 -0.173646941781044 -0.9848005175590515 -0.003825332038104534 -0.2113301306962967 -0.9774124026298523 -0.002143803285434842 -0.5936814546585083 -0.8046990036964417 0.0013357277493923903 -0.9620810151100159 -0.27234750986099243 -0.015064792707562447 0.9396916031837463 -0.3420221209526062 -0.0007733479724265635 0.9545589685440063 -0.2979976534843445 -0.003817644901573658 0.9396876096725464 0.3420206904411316 0.0030011478811502457 0.9146988987922668 0.40413597226142883 -0.00015534735575783998 0.5458306670188904 0.8378954529762268 0.00015906123735476285 -0.2114265412092209 -0.9773908257484436 0.002456973772495985 -0.593544065952301 -0.8048000335693359 -0.0015299406368285418 -0.7660333514213562 -0.6427767276763916 0.005572505760937929 -0.9598720073699951 -0.28028604388237 0.009246332570910454 0.5062189102172852 -0.1842498779296875 -0.8424929976463318 0.5062189102172852 0.1842498779296875 -0.8424929976463318 0.9547448754310608 -0.29740673303604126 0.003379995469003916 0.9396885633468628 0.34202101826667786 -0.0026613976806402206 0.9146988987922668 0.40413597226142883 0.00013776085688732564 0.5458306670188904 0.8378954529762268 -0.00014105428999755532 0.9396916627883911 -0.3420221507549286 0.0006774968933314085 -0.21133121848106384 -0.9774121642112732 -0.00214376300573349 -0.5936817526817322 -0.8046988248825073 0.0013358183205127716 -0.9620804190635681 -0.2723495662212372 -0.015064586885273457 0.21003589034080505 -0.9776914119720459 -0.002105094026774168 -0.17364640533924103 -0.98479825258255 0.004392957780510187 -0.2114250808954239 -0.9773911237716675 0.0024569875095039606 0.5062199831008911 -0.18425026535987854 -0.8424922227859497 -0.09354554116725922 -0.5305234789848328 -0.8424927592277527 -0.09354554116725922 0.5305234789848328 -0.8424927592277527 0.5062199831008911 0.18425026535987854 -0.8424922227859497 0.26935434341430664 -0.46653491258621216 -0.842492401599884 0.26935434341430664 0.46653491258621216 -0.842492401599884 -0.41267406940460205 -0.346273809671402 -0.8424930572509766 -0.41267406940460205 0.346273809671402 -0.8424930572509766 0.21011856198310852 -0.9776741862297058 0.001834309659898281 -0.17364680767059326 -0.9848005771636963 -0.003825301071628928 -0.21132975816726685 -0.9774124622344971 -0.00214377511292696 0.9545607566833496 -0.29799193143844604 -0.0038183003198355436 0.9396862387657166 0.3420245349407196 0.0030004859436303377 0.21003736555576324 -0.977691113948822 -0.0021049976348876953 -0.1736486405134201 -0.9847978949546814 0.004392893984913826 -0.21142221987247467 -0.9773917198181152 0.0024571961257606745 -0.5935444235801697 -0.8047997951507568 -0.00152943457942456 -0.7660247683525085 -0.6427869200706482 0.005572746507823467 -0.7660268545150757 0.6427887082099915 0.0050498549826443195 -0.5458324551582336 0.837887704372406 -0.003344913013279438 -0.17364855110645294 0.9847973585128784 0.004506559576839209 -0.09354673326015472 -0.5305231809616089 -0.8424928188323975 -0.5387035608291626 0 -0.8424953818321228 -0.09354673326015472 0.5305231809616089 -0.8424928188323975 0.2693537771701813 -0.466536283493042 -0.8424918055534363 0.2693537771701813 0.466536283493042 -0.8424918055534363 -0.41266873478889465 -0.34627872705459595 -0.8424936532974243 -0.41266873478889465 0.34627872705459595 -0.8424936532974243 0.9547467231750488 -0.29740092158317566 0.0033805756829679012 0.9396871328353882 0.34202486276626587 -0.0026608107145875692 -0.1736489236354828 0.9847995042800903 -0.00399639131501317 -0.5458331108093262 0.8378886580467224 0.0029662468004971743 -0.7660289406776428 0.6427904367446899 -0.004478185437619686 -0.7658921480178833 -0.6426756978034973 0.019421104341745377 0.2101200371980667 -0.9776738882064819 0.0018342257244512439 -0.17364904284477234 -0.9848001599311829 -0.0038252456579357386 -0.21132689714431763 -0.9774131178855896 -0.0021439569536596537 -0.593682050704956 -0.8046985864639282 0.0013353764079511166 -0.9620826840400696 -0.27234166860580444 -0.01506546325981617 -0.43388456106185913 -0 -0.9009684920310974 0.43388456106185913 0 -0.9009684920310974 0.43388456106185913 0 0.9009684920310974 -0.43388456106185913 0 0.9009684920310974 -0.0681537464261055 0.8248034715652466 0.5612969994544983 -0.03519625589251518 0.828130841255188 0.5594288110733032 -0.10457850247621536 0.8441854119300842 0.5257512331008911 -0.29611071944236755 0.846124529838562 0.44316110014915466 -0.27251309156417847 0.824631929397583 0.49570026993751526 -0.1391712725162506 0.8287513256072998 0.5420355796813965 -0.13846896588802338 0.8306512832641602 0.539300262928009 -0.4497596025466919 0.8410726189613342 0.3005214333534241 -0.41079893708229065 0.8268247246742249 0.3841940760612488 -0.360019713640213 0.8291386961936951 0.427685409784317 -0.3211327791213989 0.824878454208374 0.46524110436439514 -0.26828819513320923 0.8305796980857849 0.48801520466804504 -0.20048755407333374 0.8248285055160522 0.5286422967910767 -0.5214648246765137 0.8469448685646057 0.10372480005025864 -0.5423706769943237 0.8214486837387085 0.17622743546962738 -0.466240793466568 0.8337095975875854 0.2958848476409912 -0.4705674946308136 0.8302927017211914 0.29863062500953674 -0.4230588674545288 0.8249534368515015 0.37479737401008606 -0.5336035490036011 0.8390480875968933 -0.10613931715488434 -0.538305938243866 0.8364700675010681 -0.1026868224143982 -0.5641140341758728 0.825692892074585 0.002568443538621068 -0.5646544098854065 0.825327455997467 0 -0.5486133694648743 0.8295004963874817 -0.10465306043624878 -0.5479995608329773 0.8255013823509216 -0.13507020473480225 -0.5256950259208679 0.8287679553031921 -0.1918029487133026 -0.5009676814079285 0.8265296816825867 -0.2566710114479065 -0.4424365162849426 0.8466722369194031 -0.29562827944755554 -0.4377739727497101 0.8229184746742249 -0.36215901374816895 -0.3268521726131439 0.8311329483985901 -0.4498729705810547 -0.32935622334480286 0.8282667994499207 -0.4533194899559021 -0.320059597492218 0.8261702060699463 -0.46368592977523804 -0.2441212236881256 0.8287205696105957 -0.5036140084266663 -0.19003823399543762 0.824516773223877 -0.5329705476760864 -0.10423602908849716 0.8452975153923035 -0.5240294933319092 -0.07053936272859573 0.8265800476074219 -0.558381199836731 -0.29903945326805115 0.8427808284759521 -0.44754424691200256 -0.06775594502687454 0.8270556330680847 -0.558021605014801 -0.19965046644210815 0.8264414668083191 -0.526435375213623 -0.4219975471496582 0.8259230256080627 -0.3738572895526886 -0.4312189519405365 0.828727662563324 -0.3567362129688263 -0.4994942545890808 0.8256999254226685 -0.262154757976532 -0.5555163621902466 0.8295006155967712 0.057708702981472015 -0.5484585762023926 0.8251779675483704 0.13518337905406952 -0.5303552150726318 0.8300771117210388 0.17232336103916168 -0.5003313422203064 0.8250532746315002 0.2625940442085266 0 1 0 0.10457850247621536 0.8441854119300842 0.5257512331008911 0.03519625589251518 0.828130841255188 0.5594288110733032 0.0681537464261055 0.8248034715652466 0.5612969994544983 0.13846896588802338 0.8306512832641602 0.539300262928009 0.20048755407333374 0.8248285055160522 0.5286422967910767 0.26828819513320923 0.8305796980857849 0.48801520466804504 0.3211327791213989 0.824878454208374 0.46524110436439514 0.360019713640213 0.8291386961936951 0.427685409784317 0.41079893708229065 0.8268247246742249 0.3841940760612488 0.4497596025466919 0.8410726189613342 0.3005214333534241 0.466240793466568 0.8337095975875854 0.2958848476409912 0.5423706769943237 0.8214486837387085 0.17622743546962738 0.5303552150726318 0.8300771117210388 0.17232336103916168 0.5484585762023926 0.8251779675483704 0.13518337905406952 0.4230588674545288 0.8249534368515015 0.37479737401008606 0.4705674946308136 0.8302927017211914 0.29863062500953674 0.5003313422203064 0.8250532746315002 0.2625940442085266 0.5646544098854065 0.825327455997467 0 0.5641140341758728 0.825692892074585 0.002568443538621068 0.5555163621902466 0.8295006155967712 0.057708702981472015 0.5214648246765137 0.8469448685646057 0.10372480005025864 0.5486133694648743 0.8295004963874817 -0.10465306043624878 0.5479995608329773 0.8255013823509216 -0.13507020473480225 0.5256950259208679 0.8287679553031921 -0.1918029487133026 0.5009676814079285 0.8265296816825867 -0.2566710114479065 0.4424365162849426 0.8466722369194031 -0.29562827944755554 0.4377739727497101 0.8229184746742249 -0.36215901374816895 0.3268521726131439 0.8311329483985901 -0.4498729705810547 0.32935622334480286 0.8282667994499207 -0.4533194899559021 0.320059597492218 0.8261702060699463 -0.46368592977523804 0.4994942545890808 0.8256999254226685 -0.262154757976532 0.4312189519405365 0.828727662563324 -0.3567362129688263 0.4219975471496582 0.8259230256080627 -0.3738572895526886 0.19965046644210815 0.8264414668083191 -0.526435375213623 0.19003823399543762 0.824516773223877 -0.5329705476760864 0.2441212236881256 0.8287205696105957 -0.5036140084266663 0.29903945326805115 0.8427808284759521 -0.44754424691200256 0.0678124651312828 0.8267367482185364 -0.558487057685852 0.07169532030820847 0.8272568583488464 -0.557230532169342 0.10423602908849716 0.8452975153923035 -0.5240294933319092 0.5336035490036011 0.8390480875968933 -0.10613931715488434 0.538305938243866 0.8364700675010681 -0.1026868224143982 0.29611071944236755 0.846124529838562 0.44316110014915466 0.27251309156417847 0.824631929397583 0.49570026993751526 0.1391712725162506 0.8287513256072998 0.5420355796813965 0.19509045779705048 -0 0.9807852506637573 0.5555701851844788 -0 0.8314696550369263 0.8314681649208069 -0 0.5555723905563354 0.9807856678962708 -0 0.19508852064609528 0.9807856678962708 0 -0.19508852064609528 0.8314681649208069 0 -0.5555723905563354 0.5555701851844788 0 -0.8314696550369263 0.19509045779705048 0 -0.9807852506637573 -0.19509045779705048 0 -0.9807852506637573 -0.5555701851844788 0 -0.8314696550369263 -0.8314681649208069 0 -0.5555723905563354 -0.9807856678962708 0 -0.19508852064609528 -0.9807856678962708 0 0.19508852064609528 -0.8314681649208069 0 0.5555723905563354 -0.5555701851844788 0 0.8314696550369263 -0.19509045779705048 0 0.9807852506637573 0 -1 0 1 -0 0 -1 0 0 0.7999999523162842 -0 0.6000000238418579 -0.7999999523162842 0 0.6000000238418579 </float_array>
          <technique_common>
            <accessor source="#mesh_1-normal-array" count="654" stride="3">
              <param name="X" type="float" />
              <param name="Y" type="float" />
              <param name="Z" type="float" />
            </accessor>
          </technique_common>
        </source>
        <vertices id="mesh_1-vertices">
          <input semantic="POSITION" source="#mesh_1-position" />
        </vertices>
        <triangles material="default" count="3018">
          <input semantic="VERTEX" source="#mesh_1-vertices" offset="0" />
          <input semantic="NORMAL" source="#mesh_1-normal" offset="1" />
          <p>0 0 1 0 2 0 2 1 1 1 3 1 2 2 3 2 4 2 4 3 3 3 5 3 4 4 5 4 6 4 1 5 0 5 7 5 7 6 0 6 8 6 7 7 8 7 9 7 9 8 8 8 10 8 9 9 10 9 11 9 11 10 10 10 12 10 12 11 10 11 13 11 12 12 13 12 14 12 15 13 16 13 14 13 14 14 16 14 17 14 14 15 17 15 12 15 16 16 15 16 18 16 18 17 15 17 19 17 18 18 19 18 6 18 6 19 19 19 4 19 20 20 21 20 22 20 23 21 21 21 24 21 25 22 21 22 26 22 27 23 21 23 28 23 22 24 21 24 29 24 24 25 21 25 20 25 29 26 21 26 27 26 26 27 21 27 23 27 28 28 21 28 25 28 30 29 25 29 31 29 31 30 25 30 26 30 31 31 26 31 23 31 25 32 30 32 28 32 28 33 30 33 32 33 28 34 32 34 27 34 27 35 32 35 33 35 27 36 33 36 29 36 29 37 33 37 34 37 29 38 34 38 35 38 29 39 35 39 22 39 22 40 35 40 36 40 22 41 36 41 20 41 20 42 36 42 37 42 20 43 37 43 24 43 24 44 37 44 38 44 24 45 38 45 23 45 23 46 38 46 39 46 23 47 39 47 40 47 40 48 31 48 23 48 41 49 31 49 42 49 42 50 31 50 40 50 42 51 40 51 43 51 43 52 40 52 44 52 44 53 40 53 39 53 44 54 39 54 45 54 45 55 39 55 38 55 45 56 38 56 46 56 46 56 38 56 47 56 46 57 47 57 48 57 48 57 47 57 49 57 48 58 49 58 50 58 37 59 51 59 38 59 38 60 51 60 52 60 38 56 52 56 47 56 47 57 52 57 53 57 47 57 53 57 54 57 54 58 53 58 55 58 54 58 55 58 56 58 56 49 55 49 57 49 56 49 57 49 58 49 51 61 37 61 59 61 59 62 37 62 36 62 59 63 36 63 35 63 60 64 61 64 51 64 51 64 61 64 62 64 51 64 62 64 63 64 63 57 62 57 64 57 63 57 64 57 65 57 65 58 64 58 66 58 65 58 66 58 67 58 67 49 66 49 68 49 67 49 68 49 69 49 70 65 71 65 60 65 60 66 71 66 72 66 60 64 72 64 73 64 73 57 72 57 74 57 73 57 74 57 75 57 75 58 74 58 76 58 75 58 76 58 77 58 77 49 76 49 78 49 77 49 78 49 79 49 80 49 81 49 70 49 70 67 81 67 71 67 60 64 73 64 82 64 82 57 73 57 83 57 82 57 83 57 84 57 84 58 83 58 85 58 84 58 85 58 86 58 86 49 85 49 87 49 86 49 87 49 88 49 60 64 82 64 89 64 89 57 82 57 90 57 89 57 90 57 91 57 91 58 90 58 92 58 91 58 92 58 93 58 93 49 92 49 94 49 93 49 94 49 95 49 60 64 89 64 96 64 96 57 89 57 97 57 96 57 97 57 98 57 98 58 97 58 99 58 98 58 99 58 100 58 100 49 99 49 101 49 100 49 101 49 102 49 60 64 96 64 103 64 103 57 96 57 104 57 103 57 104 57 105 57 105 58 104 58 106 58 105 58 106 58 107 58 107 49 106 49 108 49 107 49 108 49 109 49 60 64 103 64 110 64 110 57 103 57 111 57 110 57 111 57 112 57 112 58 111 58 113 58 112 58 113 58 114 58 114 49 113 49 115 49 114 49 115 49 116 49 60 64 110 64 117 64 117 57 110 57 118 57 117 57 118 57 119 57 119 58 118 58 120 58 119 58 120 58 121 58 121 49 120 49 122 49 121 49 122 49 123 49 60 64 117 64 124 64 124 57 117 57 125 57 124 57 125 57 126 57 126 58 125 58 127 58 126 58 127 58 128 58 128 49 127 49 129 49 128 49 129 49 130 49 60 64 124 64 131 64 131 57 124 57 132 57 131 57 132 57 133 57 133 58 132 58 134 58 133 58 134 58 135 58 135 49 134 49 136 49 135 49 136 49 137 49 60 64 131 64 138 64 138 57 131 57 139 57 138 57 139 57 140 57 140 58 139 58 141 58 140 58 141 58 142 58 142 49 141 49 143 49 142 49 143 49 144 49 60 64 138 64 145 64 145 57 138 57 146 57 145 57 146 57 147 57 147 58 146 58 148 58 147 58 148 58 149 58 149 49 148 49 150 49 149 49 150 49 151 49 60 64 145 64 152 64 152 57 145 57 153 57 152 57 153 57 154 57 154 58 153 58 155 58 154 58 155 58 156 58 156 49 155 49 157 49 156 49 157 49 158 49 60 64 152 64 159 64 159 57 152 57 160 57 159 57 160 57 161 57 161 58 160 58 162 58 161 58 162 58 163 58 163 49 162 49 164 49 163 49 164 49 165 49 60 64 159 64 166 64 166 57 159 57 167 57 166 57 167 57 168 57 168 58 167 58 169 58 168 58 169 58 170 58 170 49 169 49 171 49 170 49 171 49 172 49 60 64 166 64 61 64 61 57 166 57 173 57 61 57 173 57 174 57 174 58 173 58 175 58 174 58 175 58 176 58 176 49 175 49 177 49 176 49 177 49 178 49 61 57 179 57 62 57 62 57 179 57 180 57 180 58 179 58 181 58 180 58 181 58 182 58 182 49 181 49 183 49 182 49 183 49 184 49 51 64 63 64 185 64 185 57 63 57 186 57 185 57 186 57 187 57 187 58 186 58 188 58 187 58 188 58 189 58 189 49 188 49 190 49 189 49 190 49 191 49 51 64 185 64 192 64 192 57 185 57 193 57 192 57 193 57 194 57 194 58 193 58 195 58 194 58 195 58 196 58 196 49 195 49 197 49 196 49 197 49 198 49 51 64 192 64 199 64 199 57 192 57 200 57 199 57 200 57 201 57 201 58 200 58 202 58 201 58 202 58 203 58 203 49 202 49 204 49 203 49 204 49 205 49 51 64 199 64 206 64 206 57 199 57 207 57 206 57 207 57 208 57 208 58 207 58 209 58 208 58 209 58 210 58 210 49 209 49 211 49 210 49 211 49 212 49 51 64 206 64 213 64 213 57 206 57 214 57 213 57 214 57 215 57 215 58 214 58 216 58 215 58 216 58 217 58 217 49 216 49 218 49 217 49 218 49 219 49 51 64 213 64 220 64 220 57 213 57 221 57 220 57 221 57 222 57 222 58 221 58 223 58 222 58 223 58 224 58 224 49 223 49 225 49 224 49 225 49 226 49 51 64 220 64 227 64 227 57 220 57 228 57 227 57 228 57 229 57 229 58 228 58 230 58 229 58 230 58 231 58 231 49 230 49 232 49 231 49 232 49 233 49 51 64 227 64 52 64 52 57 227 57 234 57 52 57 234 57 235 57 235 58 234 58 236 58 235 58 236 58 237 58 237 49 236 49 238 49 237 49 238 49 239 49 48 58 50 58 240 58 240 49 50 49 241 49 240 49 241 49 242 49 45 57 46 57 243 57 243 57 46 57 244 57 243 58 244 58 245 58 243 58 245 58 246 58 246 49 245 49 247 49 246 49 247 49 248 49 44 57 45 57 249 57 249 57 45 57 250 57 249 58 250 58 251 58 249 58 251 58 252 58 252 49 251 49 253 49 252 49 253 49 254 49 3 68 1 68 255 68 255 69 1 69 7 69 255 70 7 70 256 70 256 71 7 71 9 71 256 72 9 72 257 72 257 68 9 68 258 68 257 73 258 73 259 73 259 73 258 73 260 73 259 74 260 74 261 74 261 74 260 74 262 74 261 75 262 75 263 75 263 75 262 75 264 75 11 76 265 76 9 76 9 68 265 68 266 68 9 68 266 68 258 68 258 73 266 73 267 73 258 73 267 73 268 73 268 74 267 74 269 74 269 74 267 74 270 74 269 75 270 75 271 75 271 75 270 75 272 75 265 77 11 77 273 77 273 78 11 78 12 78 273 79 12 79 274 79 274 80 12 80 275 80 275 81 12 81 17 81 275 75 17 75 276 75 273 73 277 73 265 73 265 73 277 73 278 73 278 74 277 74 279 74 279 74 277 74 280 74 279 75 280 75 281 75 281 75 280 75 282 75 265 73 283 73 266 73 266 73 283 73 284 73 284 74 283 74 285 74 285 74 283 74 286 74 285 75 286 75 287 75 287 75 286 75 288 75 289 73 290 73 257 73 257 73 290 73 291 73 257 82 291 82 256 82 256 82 291 82 292 82 256 82 292 82 293 82 293 73 292 73 294 73 294 73 292 73 295 73 294 74 295 74 296 74 296 74 295 74 297 74 296 75 297 75 298 75 298 75 297 75 299 75 290 74 289 74 300 74 300 74 289 74 301 74 300 75 301 75 302 75 302 75 301 75 303 75 292 73 291 73 304 73 304 73 291 73 305 73 304 74 305 74 306 74 306 74 305 74 307 74 306 75 307 75 308 75 308 75 307 75 309 75 310 73 311 73 293 73 293 73 311 73 312 73 293 82 312 82 256 82 256 82 312 82 313 82 256 82 313 82 314 82 314 73 313 73 315 73 315 73 313 73 316 73 315 74 316 74 317 74 317 74 316 74 318 74 317 75 318 75 319 75 319 75 318 75 320 75 311 74 310 74 321 74 321 74 310 74 322 74 321 75 322 75 323 75 323 75 322 75 324 75 313 73 312 73 325 73 325 73 312 73 326 73 325 74 326 74 327 74 327 74 326 74 328 74 327 75 328 75 329 75 329 75 328 75 330 75 331 73 332 73 314 73 314 73 332 73 333 73 314 82 333 82 256 82 256 82 333 82 334 82 256 82 334 82 335 82 335 73 334 73 336 73 336 73 334 73 337 73 336 74 337 74 338 74 338 74 337 74 339 74 338 75 339 75 340 75 340 75 339 75 341 75 332 74 331 74 342 74 342 74 331 74 343 74 342 75 343 75 344 75 344 75 343 75 345 75 334 73 333 73 346 73 346 73 333 73 347 73 346 74 347 74 348 74 348 74 347 74 349 74 348 75 349 75 350 75 350 75 349 75 351 75 352 73 353 73 335 73 335 73 353 73 354 73 335 82 354 82 256 82 256 82 354 82 355 82 355 82 354 82 356 82 355 82 356 82 357 82 357 73 356 73 358 73 358 73 356 73 359 73 358 74 359 74 360 74 360 74 359 74 361 74 360 75 361 75 362 75 362 75 361 75 363 75 353 74 352 74 364 74 364 74 352 74 365 74 364 75 365 75 366 75 366 75 365 75 367 75 356 73 354 73 368 73 368 73 354 73 369 73 368 74 369 74 370 74 370 74 369 74 371 74 370 75 371 75 372 75 372 75 371 75 373 75 374 73 375 73 357 73 357 73 375 73 376 73 357 82 376 82 355 82 355 82 376 82 377 82 355 82 377 82 378 82 378 73 377 73 379 73 379 73 377 73 380 73 379 74 380 74 381 74 381 74 380 74 382 74 381 75 382 75 383 75 383 75 382 75 384 75 375 74 374 74 385 74 385 74 374 74 386 74 385 75 386 75 387 75 387 75 386 75 388 75 377 73 376 73 389 73 389 73 376 73 390 73 389 74 390 74 391 74 391 74 390 74 392 74 391 75 392 75 393 75 393 75 392 75 394 75 395 73 396 73 378 73 378 73 396 73 397 73 378 82 397 82 355 82 355 82 397 82 398 82 355 82 398 82 399 82 399 73 398 73 400 73 400 73 398 73 401 73 400 74 401 74 402 74 402 74 401 74 403 74 402 75 403 75 404 75 404 75 403 75 405 75 396 74 395 74 406 74 406 74 395 74 407 74 406 75 407 75 408 75 408 75 407 75 409 75 398 73 397 73 410 73 410 73 397 73 411 73 410 74 411 74 412 74 412 74 411 74 413 74 412 75 413 75 414 75 414 75 413 75 415 75 416 73 417 73 399 73 399 73 417 73 418 73 399 82 418 82 355 82 355 82 418 82 419 82 355 82 419 82 420 82 420 73 419 73 421 73 421 73 419 73 422 73 421 74 422 74 423 74 423 74 422 74 424 74 423 75 424 75 425 75 425 75 424 75 426 75 417 74 416 74 427 74 427 74 416 74 428 74 427 75 428 75 429 75 429 75 428 75 430 75 419 73 418 73 431 73 431 73 418 73 432 73 431 74 432 74 433 74 433 74 432 74 434 74 433 75 434 75 435 75 435 75 434 75 436 75 437 73 438 73 420 73 420 73 438 73 439 73 420 82 439 82 355 82 355 82 439 82 440 82 355 82 440 82 441 82 441 73 440 73 442 73 442 73 440 73 443 73 442 74 443 74 444 74 444 74 443 74 445 74 444 75 445 75 446 75 446 75 445 75 447 75 438 74 437 74 448 74 448 74 437 74 449 74 448 75 449 75 450 75 450 75 449 75 451 75 440 73 439 73 452 73 452 73 439 73 453 73 452 74 453 74 454 74 454 74 453 74 455 74 454 75 455 75 456 75 456 75 455 75 457 75 458 73 459 73 441 73 441 73 459 73 460 73 441 82 460 82 355 82 355 83 460 83 461 83 355 84 461 84 462 84 462 85 461 85 463 85 462 75 463 75 464 75 459 74 458 74 465 74 465 74 458 74 466 74 465 75 466 75 467 75 467 75 466 75 468 75 469 86 470 86 471 86 471 86 470 86 472 86 471 87 472 87 473 87 473 87 472 87 474 87 473 88 474 88 475 88 469 89 476 89 470 89 470 89 476 89 477 89 477 90 476 90 478 90 477 90 478 90 479 90 479 91 478 91 480 91 479 91 480 91 481 91 481 92 480 92 482 92 481 92 482 92 483 92 483 93 482 93 484 93 483 93 484 93 485 93 485 94 484 94 486 94 485 94 486 94 487 94 487 95 486 95 488 95 487 95 488 95 489 95 489 96 488 96 490 96 489 96 490 96 491 96 491 97 490 97 492 97 491 97 492 97 493 97 493 98 492 98 494 98 493 98 494 98 495 98 495 99 494 99 496 99 495 99 496 99 475 99 475 88 496 88 473 88 497 98 498 98 499 98 499 98 498 98 500 98 499 98 500 98 501 98 501 98 500 98 502 98 502 98 500 98 503 98 497 98 504 98 498 98 505 100 275 100 506 100 506 101 275 101 276 101 506 102 276 102 507 102 507 103 276 103 508 103 507 104 508 104 509 104 275 105 505 105 274 105 274 106 505 106 510 106 274 107 510 107 273 107 273 108 510 108 511 108 273 109 511 109 277 109 277 110 511 110 280 110 280 111 511 111 512 111 280 112 512 112 513 112 514 113 515 113 513 113 513 114 515 114 282 114 513 115 282 115 280 115 515 116 514 116 516 116 516 117 514 117 517 117 516 118 517 118 509 118 509 119 517 119 507 119 518 120 519 120 520 120 521 121 519 121 522 121 523 122 519 122 524 122 525 123 519 123 526 123 520 124 519 124 527 124 522 125 519 125 518 125 527 126 519 126 525 126 524 127 519 127 521 127 526 128 519 128 523 128 42 129 520 129 41 129 41 130 520 130 527 130 41 131 527 131 528 131 528 132 527 132 529 132 529 133 527 133 525 133 529 134 525 134 530 134 530 135 525 135 526 135 530 136 526 136 531 136 531 137 526 137 523 137 531 138 523 138 254 138 254 139 523 139 524 139 254 140 524 140 521 140 520 141 42 141 518 141 518 142 42 142 43 142 518 143 43 143 522 143 522 144 43 144 44 144 522 145 44 145 521 145 521 146 44 146 249 146 521 147 249 147 252 147 252 148 254 148 521 148 532 149 465 149 533 149 533 150 465 150 467 150 533 151 467 151 534 151 534 152 467 152 535 152 534 153 535 153 536 153 465 105 532 105 459 105 459 154 532 154 537 154 459 155 537 155 460 155 460 108 537 108 538 108 460 109 538 109 461 109 461 110 538 110 463 110 463 111 538 111 539 111 463 112 539 112 540 112 541 156 542 156 540 156 540 157 542 157 464 157 540 158 464 158 463 158 542 159 541 159 543 159 543 117 541 117 544 117 543 118 544 118 536 118 536 160 544 160 534 160 545 161 546 161 547 161 548 121 546 121 549 121 550 122 546 122 551 122 552 123 546 123 553 123 547 162 546 162 554 162 549 163 546 163 545 163 554 164 546 164 552 164 551 127 546 127 548 127 553 128 546 128 550 128 76 165 547 165 78 165 78 166 547 166 554 166 78 167 554 167 555 167 555 168 554 168 556 168 556 169 554 169 552 169 556 134 552 134 557 134 557 135 552 135 553 135 557 170 553 170 558 170 558 171 553 171 550 171 558 172 550 172 80 172 80 173 550 173 551 173 80 174 551 174 548 174 547 175 76 175 545 175 545 142 76 142 74 142 545 176 74 176 549 176 549 177 74 177 72 177 549 145 72 145 548 145 548 146 72 146 71 146 548 147 71 147 81 147 81 178 80 178 548 178 559 149 454 149 560 149 560 179 454 179 456 179 560 180 456 180 561 180 561 181 456 181 562 181 561 182 562 182 563 182 454 105 559 105 452 105 452 183 559 183 564 183 452 184 564 184 440 184 440 108 564 108 565 108 440 109 565 109 443 109 443 185 565 185 445 185 445 186 565 186 566 186 445 187 566 187 567 187 568 188 569 188 567 188 567 189 569 189 447 189 567 190 447 190 445 190 569 191 568 191 570 191 570 117 568 117 571 117 570 118 571 118 563 118 563 192 571 192 561 192 572 193 573 193 574 193 575 121 573 121 576 121 577 122 573 122 578 122 579 123 573 123 580 123 574 194 573 194 581 194 576 195 573 195 572 195 581 196 573 196 579 196 578 127 573 127 575 127 580 128 573 128 577 128 92 197 574 197 94 197 94 198 574 198 581 198 94 199 581 199 582 199 582 200 581 200 583 200 583 201 581 201 579 201 583 134 579 134 584 134 584 135 579 135 580 135 584 202 580 202 585 202 585 203 580 203 577 203 585 204 577 204 88 204 88 205 577 205 578 205 88 206 578 206 575 206 574 175 92 175 572 175 572 142 92 142 90 142 572 207 90 207 576 207 576 208 90 208 82 208 576 145 82 145 575 145 575 146 82 146 84 146 575 209 84 209 86 209 86 210 88 210 575 210 586 211 269 211 587 211 587 212 269 212 271 212 587 213 271 213 588 213 588 214 271 214 589 214 588 215 589 215 590 215 269 105 586 105 268 105 268 183 586 183 591 183 268 184 591 184 258 184 258 108 591 108 592 108 258 216 592 216 260 216 260 217 592 217 262 217 262 186 592 186 593 186 262 187 593 187 594 187 595 188 596 188 594 188 594 189 596 189 264 189 594 190 264 190 262 190 596 191 595 191 597 191 597 117 595 117 598 117 597 118 598 118 590 118 590 218 598 218 588 218 599 219 600 219 601 219 602 121 600 121 603 121 604 122 600 122 605 122 606 123 600 123 607 123 601 220 600 220 608 220 603 195 600 195 599 195 608 196 600 196 606 196 605 127 600 127 602 127 607 128 600 128 604 128 50 221 601 221 241 221 241 222 601 222 608 222 241 223 608 223 609 223 609 224 608 224 610 224 610 225 608 225 606 225 610 134 606 134 611 134 611 135 606 135 607 135 611 202 607 202 612 202 612 203 607 203 604 203 612 204 604 204 58 204 58 205 604 205 605 205 58 206 605 206 602 206 601 226 50 226 599 226 599 142 50 142 49 142 599 207 49 207 603 207 603 208 49 208 47 208 603 145 47 145 602 145 602 227 47 227 54 227 602 228 54 228 56 228 56 210 58 210 602 210 613 211 300 211 614 211 614 229 300 229 302 229 614 230 302 230 615 230 615 103 302 103 616 103 615 215 616 215 617 215 300 105 613 105 290 105 290 106 613 106 618 106 290 231 618 231 291 231 291 232 618 232 619 232 291 216 619 216 305 216 305 217 619 217 307 217 307 186 619 186 620 186 307 187 620 187 621 187 622 188 623 188 621 188 621 233 623 233 309 233 621 234 309 234 307 234 623 191 622 191 624 191 624 235 622 235 625 235 624 118 625 118 617 118 617 236 625 236 615 236 626 219 627 219 628 219 629 237 627 237 630 237 631 122 627 122 632 122 633 238 627 238 634 238 628 220 627 220 635 220 630 239 627 239 626 239 635 240 627 240 633 240 632 127 627 127 629 127 634 128 627 128 631 128 236 241 628 241 238 241 238 242 628 242 635 242 238 131 635 131 636 131 636 224 635 224 637 224 637 243 635 243 633 243 637 134 633 134 638 134 638 244 633 244 634 244 638 202 634 202 639 202 639 203 634 203 631 203 639 245 631 245 233 245 233 173 631 173 632 173 233 174 632 174 629 174 628 226 236 226 626 226 626 142 236 142 234 142 626 143 234 143 630 143 630 246 234 246 227 246 630 247 227 247 629 247 629 227 227 227 229 227 629 228 229 228 231 228 231 248 233 248 629 248 640 149 296 149 641 149 641 179 296 179 298 179 641 180 298 180 642 180 642 181 298 181 643 181 642 182 643 182 644 182 296 105 640 105 294 105 294 183 640 183 645 183 294 184 645 184 293 184 293 108 645 108 646 108 293 109 646 109 310 109 310 185 646 185 322 185 322 186 646 186 647 186 322 187 647 187 648 187 649 188 650 188 648 188 648 189 650 189 324 189 648 190 324 190 322 190 650 191 649 191 651 191 651 117 649 117 652 117 651 118 652 118 644 118 644 192 652 192 642 192 653 193 654 193 655 193 656 121 654 121 657 121 658 122 654 122 659 122 660 123 654 123 661 123 655 194 654 194 662 194 657 195 654 195 653 195 662 196 654 196 660 196 659 127 654 127 656 127 661 128 654 128 658 128 223 197 655 197 225 197 225 198 655 198 662 198 225 199 662 199 663 199 663 200 662 200 664 200 664 201 662 201 660 201 664 134 660 134 665 134 665 135 660 135 661 135 665 202 661 202 666 202 666 203 661 203 658 203 666 204 658 204 219 204 219 205 658 205 659 205 219 206 659 206 656 206 655 175 223 175 653 175 653 142 223 142 221 142 653 207 221 207 657 207 657 208 221 208 213 208 657 145 213 145 656 145 656 146 213 146 215 146 656 209 215 209 217 209 217 210 219 210 656 210 667 211 327 211 668 211 668 249 327 249 329 249 668 250 329 250 669 250 669 251 329 251 670 251 669 252 670 252 671 252 327 105 667 105 325 105 325 253 667 253 672 253 325 254 672 254 313 254 313 255 672 255 673 255 313 216 673 216 316 216 316 217 673 217 318 217 318 256 673 256 674 256 318 257 674 257 675 257 676 258 677 258 675 258 675 259 677 259 320 259 675 260 320 260 318 260 677 261 676 261 678 261 678 262 676 262 679 262 678 118 679 118 671 118 671 263 679 263 669 263 680 219 681 219 682 219 683 264 681 264 684 264 685 265 681 265 686 265 687 266 681 266 688 266 682 220 681 220 689 220 684 267 681 267 680 267 689 268 681 268 687 268 686 269 681 269 683 269 688 270 681 270 685 270 209 271 682 271 211 271 211 272 682 272 689 272 211 273 689 273 690 273 690 274 689 274 691 274 691 275 689 275 687 275 691 134 687 134 692 134 692 276 687 276 688 276 692 277 688 277 693 277 693 278 688 278 685 278 693 279 685 279 205 279 205 205 685 205 686 205 205 280 686 280 683 280 682 226 209 226 680 226 680 142 209 142 207 142 680 281 207 281 684 281 684 282 207 282 199 282 684 283 199 283 683 283 683 227 199 227 201 227 683 228 201 228 203 228 203 284 205 284 683 284 694 285 342 285 695 285 695 286 342 286 344 286 695 287 344 287 696 287 696 288 344 288 697 288 696 289 697 289 698 289 342 105 694 105 332 105 332 253 694 253 699 253 332 254 699 254 333 254 333 255 699 255 700 255 333 290 700 290 347 290 347 291 700 291 349 291 349 292 700 292 701 292 349 257 701 257 702 257 703 293 704 293 702 293 702 294 704 294 351 294 702 295 351 295 349 295 704 296 703 296 705 296 705 297 703 297 706 297 705 118 706 118 698 118 698 298 706 298 696 298 707 299 708 299 709 299 710 264 708 264 711 264 712 300 708 300 713 300 714 266 708 266 715 266 709 301 708 301 716 301 711 267 708 267 707 267 716 268 708 268 714 268 713 302 708 302 710 302 715 303 708 303 712 303 195 304 709 304 197 304 197 305 709 305 716 305 197 306 716 306 717 306 717 307 716 307 718 307 718 308 716 308 714 308 718 134 714 134 719 134 719 309 714 309 715 309 719 310 715 310 720 310 720 311 715 311 712 311 720 312 712 312 191 312 191 313 712 313 713 313 191 314 713 314 710 314 709 315 195 315 707 315 707 142 195 142 193 142 707 281 193 281 711 281 711 282 193 282 185 282 711 283 185 283 710 283 710 316 185 316 187 316 710 317 187 317 189 317 189 318 191 318 710 318 721 285 338 285 722 285 722 286 338 286 340 286 722 287 340 287 723 287 723 288 340 288 724 288 723 319 724 319 725 319 338 105 721 105 336 105 336 320 721 320 726 320 336 321 726 321 335 321 335 322 726 322 727 322 335 323 727 323 352 323 352 324 727 324 365 324 365 325 727 325 728 325 365 326 728 326 729 326 730 327 731 327 729 327 729 328 731 328 367 328 729 329 367 329 365 329 731 330 730 330 732 330 732 331 730 331 733 331 732 118 733 118 725 118 725 332 733 332 723 332 734 333 735 333 736 333 737 334 735 334 738 334 739 300 735 300 740 300 741 335 735 335 742 335 736 336 735 336 743 336 738 337 735 337 734 337 743 338 735 338 741 338 740 339 735 339 737 339 742 340 735 340 739 340 66 304 736 304 68 304 68 305 736 305 743 305 68 306 743 306 744 306 744 341 743 341 745 341 745 342 743 342 741 342 745 134 741 134 746 134 746 343 741 343 742 343 746 344 742 344 747 344 747 345 742 345 739 345 747 346 739 346 184 346 184 347 739 347 740 347 184 348 740 348 737 348 736 315 66 315 734 315 734 142 66 142 64 142 734 349 64 349 738 349 738 350 64 350 62 350 738 351 62 351 737 351 737 352 62 352 180 352 737 353 180 353 182 353 182 354 184 354 737 354 748 211 423 211 749 211 749 229 423 229 425 229 749 230 425 230 750 230 750 103 425 103 751 103 750 215 751 215 752 215 423 105 748 105 421 105 421 106 748 106 753 106 421 231 753 231 420 231 420 232 753 232 754 232 420 216 754 216 437 216 437 217 754 217 449 217 449 186 754 186 755 186 449 187 755 187 756 187 757 188 758 188 756 188 756 233 758 233 451 233 756 234 451 234 449 234 758 191 757 191 759 191 759 235 757 235 760 235 759 118 760 118 752 118 752 236 760 236 750 236 761 219 762 219 763 219 764 237 762 237 765 237 766 122 762 122 767 122 768 238 762 238 769 238 763 220 762 220 770 220 765 239 762 239 761 239 770 240 762 240 768 240 767 127 762 127 764 127 769 128 762 128 766 128 106 241 763 241 108 241 108 242 763 242 770 242 108 131 770 131 771 131 771 224 770 224 772 224 772 243 770 243 768 243 772 134 768 134 773 134 773 244 768 244 769 244 773 202 769 202 774 202 774 203 769 203 766 203 774 245 766 245 102 245 102 173 766 173 767 173 102 174 767 174 764 174 763 226 106 226 761 226 761 142 106 142 104 142 761 143 104 143 765 143 765 246 104 246 96 246 765 247 96 247 764 247 764 227 96 227 98 227 764 228 98 228 100 228 100 248 102 248 764 248 775 211 427 211 776 211 776 212 427 212 429 212 776 213 429 213 777 213 777 214 429 214 778 214 777 215 778 215 779 215 427 105 775 105 417 105 417 183 775 183 780 183 417 184 780 184 418 184 418 108 780 108 781 108 418 216 781 216 432 216 432 217 781 217 434 217 434 186 781 186 782 186 434 187 782 187 783 187 784 188 785 188 783 188 783 189 785 189 436 189 783 190 436 190 434 190 785 191 784 191 786 191 786 117 784 117 787 117 786 118 787 118 779 118 779 218 787 218 777 218 788 219 789 219 790 219 791 121 789 121 792 121 793 122 789 122 794 122 795 123 789 123 796 123 790 220 789 220 797 220 792 195 789 195 788 195 797 196 789 196 795 196 794 127 789 127 791 127 796 128 789 128 793 128 120 221 790 221 122 221 122 222 790 222 797 222 122 223 797 223 798 223 798 224 797 224 799 224 799 225 797 225 795 225 799 134 795 134 800 134 800 135 795 135 796 135 800 202 796 202 801 202 801 203 796 203 793 203 801 204 793 204 116 204 116 205 793 205 794 205 116 206 794 206 791 206 790 226 120 226 788 226 788 142 120 142 118 142 788 207 118 207 792 207 792 208 118 208 110 208 792 145 110 145 791 145 791 227 110 227 112 227 791 228 112 228 114 228 114 210 116 210 791 210 802 211 412 211 803 211 803 229 412 229 414 229 803 230 414 230 804 230 804 103 414 103 805 103 804 215 805 215 806 215 412 355 802 355 410 355 410 356 802 356 807 356 410 357 807 357 398 357 398 232 807 232 808 232 398 216 808 216 401 216 401 217 808 217 403 217 403 358 808 358 809 358 403 112 809 112 810 112 811 359 812 359 810 359 810 189 812 189 405 189 810 360 405 360 403 360 812 361 811 361 813 361 813 362 811 362 814 362 813 118 814 118 806 118 806 236 814 236 804 236 815 219 816 219 817 219 818 237 816 237 819 237 820 363 816 363 821 363 822 238 816 238 823 238 817 220 816 220 824 220 819 239 816 239 815 239 824 240 816 240 822 240 821 364 816 364 818 364 823 365 816 365 820 365 134 241 817 241 136 241 136 242 817 242 824 242 136 131 824 131 825 131 825 224 824 224 826 224 826 243 824 243 822 243 826 134 822 134 827 134 827 366 822 366 823 366 827 367 823 367 828 367 828 368 823 368 820 368 828 204 820 204 130 204 130 205 820 205 821 205 130 369 821 369 818 369 817 226 134 226 815 226 815 370 134 370 132 370 815 371 132 371 819 371 819 372 132 372 124 372 819 247 124 247 818 247 818 227 124 227 126 227 818 228 126 228 128 228 128 248 130 248 818 248 829 211 381 211 830 211 830 249 381 249 383 249 830 250 383 250 831 250 831 251 383 251 832 251 831 252 832 252 833 252 381 105 829 105 379 105 379 253 829 253 834 253 379 254 834 254 378 254 378 255 834 255 835 255 378 216 835 216 395 216 395 217 835 217 407 217 407 256 835 256 836 256 407 257 836 257 837 257 838 258 839 258 837 258 837 259 839 259 409 259 837 260 409 260 407 260 839 261 838 261 840 261 840 262 838 262 841 262 840 118 841 118 833 118 833 263 841 263 831 263 842 219 843 219 844 219 845 264 843 264 846 264 847 265 843 265 848 265 849 266 843 266 850 266 844 220 843 220 851 220 846 267 843 267 842 267 851 268 843 268 849 268 848 269 843 269 845 269 850 270 843 270 847 270 148 271 844 271 150 271 150 272 844 272 851 272 150 273 851 273 852 273 852 274 851 274 853 274 853 275 851 275 849 275 853 134 849 134 854 134 854 276 849 276 850 276 854 277 850 277 855 277 855 278 850 278 847 278 855 279 847 279 144 279 144 205 847 205 848 205 144 280 848 280 845 280 844 226 148 226 842 226 842 142 148 142 146 142 842 281 146 281 846 281 846 282 146 282 138 282 846 283 138 283 845 283 845 227 138 227 140 227 845 228 140 228 142 228 142 284 144 284 845 284 856 285 385 285 857 285 857 286 385 286 387 286 857 287 387 287 858 287 858 288 387 288 859 288 858 373 859 373 860 373 385 105 856 105 375 105 375 253 856 253 861 253 375 374 861 374 376 374 376 375 861 375 862 375 376 376 862 376 390 376 390 291 862 291 392 291 392 377 862 377 863 377 392 326 863 326 864 326 865 188 866 188 864 188 864 378 866 378 394 378 864 329 394 329 392 329 866 191 865 191 867 191 867 379 865 379 868 379 867 118 868 118 860 118 860 263 868 263 858 263 869 380 870 380 871 380 872 381 870 381 873 381 874 300 870 300 875 300 876 382 870 382 877 382 871 383 870 383 878 383 873 384 870 384 869 384 878 385 870 385 876 385 875 386 870 386 872 386 877 387 870 387 874 387 162 304 871 304 164 304 164 305 871 305 878 305 164 306 878 306 879 306 879 388 878 388 880 388 880 275 878 275 876 275 880 134 876 134 881 134 881 389 876 389 877 389 881 202 877 202 882 202 882 203 877 203 874 203 882 390 874 390 158 390 158 347 874 347 875 347 158 391 875 391 872 391 871 315 162 315 869 315 869 142 162 142 160 142 869 281 160 281 873 281 873 392 160 392 152 392 873 393 152 393 872 393 872 394 152 394 154 394 872 317 154 317 156 317 156 318 158 318 872 318 883 285 370 285 884 285 884 286 370 286 372 286 884 287 372 287 885 287 885 395 372 395 886 395 885 396 886 396 887 396 370 397 883 397 368 397 368 398 883 398 888 398 368 399 888 399 356 399 356 400 888 400 889 400 356 401 889 401 359 401 359 402 889 402 361 402 361 403 889 403 890 403 361 404 890 404 891 404 892 405 893 405 891 405 891 406 893 406 363 406 891 407 363 407 361 407 893 408 892 408 894 408 894 409 892 409 895 409 894 118 895 118 887 118 887 410 895 410 885 410 896 299 897 299 898 299 899 411 897 411 900 411 901 300 897 300 902 300 903 412 897 412 904 412 898 301 897 301 905 301 900 413 897 413 896 413 905 414 897 414 903 414 902 302 897 302 899 302 904 303 897 303 901 303 175 304 898 304 177 304 177 305 898 305 905 305 177 415 905 415 906 415 906 416 905 416 907 416 907 417 905 417 903 417 907 134 903 134 908 134 908 418 903 418 904 418 908 419 904 419 909 419 909 420 904 420 901 420 909 421 901 421 172 421 172 422 901 422 902 422 172 423 902 423 899 423 898 315 175 315 896 315 896 424 175 424 173 424 896 425 173 425 900 425 900 426 173 426 166 426 900 427 166 427 899 427 899 428 166 428 168 428 899 429 168 429 170 429 170 354 172 354 899 354 910 430 364 430 911 430 911 431 364 431 366 431 911 432 366 432 912 432 912 433 366 433 913 433 912 434 913 434 914 434 364 435 910 435 353 435 353 436 910 436 915 436 353 437 915 437 354 437 354 438 915 438 916 438 354 439 916 439 369 439 369 440 916 440 371 440 371 441 916 441 917 441 371 442 917 442 918 442 919 443 920 443 918 443 918 444 920 444 373 444 918 445 373 445 371 445 920 446 919 446 921 446 921 447 919 447 922 447 921 118 922 118 914 118 914 448 922 448 912 448 923 449 924 449 925 449 926 450 924 450 927 450 928 451 924 451 929 451 930 452 924 452 931 452 925 453 924 453 932 453 927 454 924 454 923 454 932 455 924 455 930 455 929 456 924 456 926 456 931 457 924 457 928 457 181 458 925 458 183 458 183 459 925 459 932 459 183 460 932 460 933 460 933 461 932 461 934 461 934 462 932 462 930 462 934 134 930 134 935 134 935 463 930 463 931 463 935 464 931 464 936 464 936 465 931 465 928 465 936 466 928 466 178 466 178 467 928 467 929 467 178 468 929 468 926 468 925 469 181 469 923 469 923 470 181 470 179 470 923 471 179 471 927 471 927 472 179 472 61 472 927 473 61 473 926 473 926 474 61 474 174 474 926 475 174 475 176 475 176 476 178 476 926 476 937 285 360 285 938 285 938 286 360 286 362 286 938 287 362 287 939 287 939 288 362 288 940 288 939 289 940 289 941 289 360 105 937 105 358 105 358 253 937 253 942 253 358 254 942 254 357 254 357 255 942 255 943 255 357 290 943 290 374 290 374 291 943 291 386 291 386 292 943 292 944 292 386 257 944 257 945 257 946 293 947 293 945 293 945 294 947 294 388 294 945 295 388 295 386 295 947 296 946 296 948 296 948 297 946 297 949 297 948 118 949 118 941 118 941 298 949 298 939 298 950 299 951 299 952 299 953 264 951 264 954 264 955 300 951 300 956 300 957 266 951 266 958 266 952 301 951 301 959 301 954 267 951 267 950 267 959 268 951 268 957 268 956 302 951 302 953 302 958 303 951 303 955 303 169 304 952 304 171 304 171 305 952 305 959 305 171 306 959 306 960 306 960 307 959 307 961 307 961 308 959 308 957 308 961 134 957 134 962 134 962 309 957 309 958 309 962 310 958 310 963 310 963 311 958 311 955 311 963 312 955 312 165 312 165 313 955 313 956 313 165 314 956 314 953 314 952 315 169 315 950 315 950 142 169 142 167 142 950 281 167 281 954 281 954 282 167 282 159 282 954 283 159 283 953 283 953 316 159 316 161 316 953 317 161 317 163 317 163 318 165 318 953 318 964 477 391 477 965 477 965 478 391 478 393 478 965 479 393 479 966 479 966 480 393 480 967 480 966 481 967 481 968 481 391 105 964 105 389 105 389 253 964 253 969 253 389 254 969 254 377 254 377 255 969 255 970 255 377 482 970 482 380 482 380 483 970 483 382 483 382 484 970 484 971 484 382 257 971 257 972 257 973 188 974 188 972 188 972 378 974 378 384 378 972 485 384 485 382 485 974 191 973 191 975 191 975 379 973 379 976 379 975 118 976 118 968 118 968 263 976 263 966 263 977 486 978 486 979 486 980 264 978 264 981 264 982 122 978 122 983 122 984 266 978 266 985 266 979 487 978 487 986 487 981 267 978 267 977 267 986 268 978 268 984 268 983 127 978 127 980 127 985 128 978 128 982 128 155 488 979 488 157 488 157 489 979 489 986 489 157 490 986 490 987 490 987 491 986 491 988 491 988 275 986 275 984 275 988 134 984 134 989 134 989 389 984 389 985 389 989 202 985 202 990 202 990 203 985 203 982 203 990 390 982 390 151 390 151 347 982 347 983 347 151 391 983 391 980 391 979 492 155 492 977 492 977 142 155 142 153 142 977 281 153 281 981 281 981 282 153 282 145 282 981 283 145 283 980 283 980 493 145 493 147 493 980 494 147 494 149 494 149 495 151 495 980 495 991 477 406 477 992 477 992 478 406 478 408 478 992 479 408 479 993 479 993 480 408 480 994 480 993 481 994 481 995 481 406 105 991 105 396 105 396 253 991 253 996 253 396 496 996 496 397 496 397 497 996 497 997 497 397 498 997 498 411 498 411 483 997 483 413 483 413 484 997 484 998 484 413 257 998 257 999 257 1000 188 1001 188 999 188 999 378 1001 378 415 378 999 485 415 485 413 485 1001 191 1000 191 1002 191 1002 379 1000 379 1003 379 1002 118 1003 118 995 118 995 263 1003 263 993 263 1004 499 1005 499 1006 499 1007 500 1005 500 1008 500 1009 265 1005 265 1010 265 1011 501 1005 501 1012 501 1006 502 1005 502 1013 502 1008 503 1005 503 1004 503 1013 504 1005 504 1011 504 1010 505 1005 505 1007 505 1012 506 1005 506 1009 506 141 488 1006 488 143 488 143 489 1006 489 1013 489 143 490 1013 490 1014 490 1014 491 1013 491 1015 491 1015 275 1013 275 1011 275 1015 134 1011 134 1016 134 1016 389 1011 389 1012 389 1016 202 1012 202 1017 202 1017 203 1012 203 1009 203 1017 390 1009 390 137 390 137 347 1009 347 1010 347 137 391 1010 391 1007 391 1006 492 141 492 1004 492 1004 142 141 142 139 142 1004 281 139 281 1008 281 1008 507 139 507 131 507 1008 508 131 508 1007 508 1007 509 131 509 133 509 1007 494 133 494 135 494 135 495 137 495 1007 495 1018 149 402 149 1019 149 1019 179 402 179 404 179 1019 180 404 180 1020 180 1020 181 404 181 1021 181 1020 182 1021 182 1022 182 402 105 1018 105 400 105 400 183 1018 183 1023 183 400 184 1023 184 399 184 399 108 1023 108 1024 108 399 109 1024 109 416 109 416 185 1024 185 428 185 428 186 1024 186 1025 186 428 187 1025 187 1026 187 1027 188 1028 188 1026 188 1026 189 1028 189 430 189 1026 190 430 190 428 190 1028 191 1027 191 1029 191 1029 117 1027 117 1030 117 1029 118 1030 118 1022 118 1022 192 1030 192 1020 192 1031 193 1032 193 1033 193 1034 121 1032 121 1035 121 1036 122 1032 122 1037 122 1038 123 1032 123 1039 123 1033 194 1032 194 1040 194 1035 195 1032 195 1031 195 1040 196 1032 196 1038 196 1037 127 1032 127 1034 127 1039 128 1032 128 1036 128 127 197 1033 197 129 197 129 198 1033 198 1040 198 129 199 1040 199 1041 199 1041 200 1040 200 1042 200 1042 201 1040 201 1038 201 1042 134 1038 134 1043 134 1043 135 1038 135 1039 135 1043 202 1039 202 1044 202 1044 203 1039 203 1036 203 1044 204 1036 204 123 204 123 205 1036 205 1037 205 123 206 1037 206 1034 206 1033 175 127 175 1031 175 1031 142 127 142 125 142 1031 207 125 207 1035 207 1035 208 125 208 117 208 1035 145 117 145 1034 145 1034 146 117 146 119 146 1034 209 119 209 121 209 121 210 123 210 1034 210 1045 211 433 211 1046 211 1046 212 433 212 435 212 1046 213 435 213 1047 213 1047 214 435 214 1048 214 1047 215 1048 215 1049 215 433 105 1045 105 431 105 431 106 1045 106 1050 106 431 231 1050 231 419 231 419 232 1050 232 1051 232 419 216 1051 216 422 216 422 217 1051 217 424 217 424 186 1051 186 1052 186 424 187 1052 187 1053 187 1054 188 1055 188 1053 188 1053 233 1055 233 426 233 1053 234 426 234 424 234 1055 191 1054 191 1056 191 1056 235 1054 235 1057 235 1056 118 1057 118 1049 118 1049 236 1057 236 1047 236 1058 219 1059 219 1060 219 1061 237 1059 237 1062 237 1063 122 1059 122 1064 122 1065 238 1059 238 1066 238 1060 220 1059 220 1067 220 1062 239 1059 239 1058 239 1067 240 1059 240 1065 240 1064 127 1059 127 1061 127 1066 128 1059 128 1063 128 113 221 1060 221 115 221 115 222 1060 222 1067 222 115 223 1067 223 1068 223 1068 224 1067 224 1069 224 1069 243 1067 243 1065 243 1069 134 1065 134 1070 134 1070 244 1065 244 1066 244 1070 202 1066 202 1071 202 1071 203 1066 203 1063 203 1071 245 1063 245 109 245 109 173 1063 173 1064 173 109 174 1064 174 1061 174 1060 226 113 226 1058 226 1058 142 113 142 111 142 1058 143 111 143 1062 143 1062 246 111 246 103 246 1062 247 103 247 1061 247 1061 227 103 227 105 227 1061 228 105 228 107 228 107 248 109 248 1061 248 1072 211 448 211 1073 211 1073 229 448 229 450 229 1073 230 450 230 1074 230 1074 103 450 103 1075 103 1074 215 1075 215 1076 215 448 355 1072 355 438 355 438 356 1072 356 1077 356 438 357 1077 357 439 357 439 232 1077 232 1078 232 439 216 1078 216 453 216 453 217 1078 217 455 217 455 358 1078 358 1079 358 455 112 1079 112 1080 112 1081 359 1082 359 1080 359 1080 189 1082 189 457 189 1080 360 457 360 455 360 1082 361 1081 361 1083 361 1083 362 1081 362 1084 362 1083 118 1084 118 1076 118 1076 236 1084 236 1074 236 1085 219 1086 219 1087 219 1088 237 1086 237 1089 237 1090 363 1086 363 1091 363 1092 238 1086 238 1093 238 1087 220 1086 220 1094 220 1089 239 1086 239 1085 239 1094 240 1086 240 1092 240 1091 364 1086 364 1088 364 1093 365 1086 365 1090 365 99 241 1087 241 101 241 101 242 1087 242 1094 242 101 131 1094 131 1095 131 1095 224 1094 224 1096 224 1096 243 1094 243 1092 243 1096 134 1092 134 1097 134 1097 366 1092 366 1093 366 1097 367 1093 367 1098 367 1098 368 1093 368 1090 368 1098 204 1090 204 95 204 95 205 1090 205 1091 205 95 369 1091 369 1088 369 1087 226 99 226 1085 226 1085 370 99 370 97 370 1085 371 97 371 1089 371 1089 372 97 372 89 372 1089 247 89 247 1088 247 1088 227 89 227 91 227 1088 228 91 228 93 228 93 248 95 248 1088 248 1099 285 348 285 1100 285 1100 286 348 286 350 286 1100 287 350 287 1101 287 1101 288 350 288 1102 288 1101 373 1102 373 1103 373 348 105 1099 105 346 105 346 253 1099 253 1104 253 346 374 1104 374 334 374 334 375 1104 375 1105 375 334 376 1105 376 337 376 337 291 1105 291 339 291 339 377 1105 377 1106 377 339 326 1106 326 1107 326 1108 188 1109 188 1107 188 1107 378 1109 378 341 378 1107 329 341 329 339 329 1109 191 1108 191 1110 191 1110 379 1108 379 1111 379 1110 118 1111 118 1103 118 1103 263 1111 263 1101 263 1112 380 1113 380 1114 380 1115 381 1113 381 1116 381 1117 300 1113 300 1118 300 1119 382 1113 382 1120 382 1114 383 1113 383 1121 383 1116 384 1113 384 1112 384 1121 385 1113 385 1119 385 1118 386 1113 386 1115 386 1120 387 1113 387 1117 387 188 304 1114 304 190 304 190 305 1114 305 1121 305 190 306 1121 306 1122 306 1122 388 1121 388 1123 388 1123 275 1121 275 1119 275 1123 134 1119 134 1124 134 1124 389 1119 389 1120 389 1124 202 1120 202 1125 202 1125 203 1120 203 1117 203 1125 390 1117 390 69 390 69 347 1117 347 1118 347 69 391 1118 391 1115 391 1114 315 188 315 1112 315 1112 142 188 142 186 142 1112 281 186 281 1116 281 1116 392 186 392 63 392 1116 393 63 393 1115 393 1115 394 63 394 65 394 1115 317 65 317 67 317 67 318 69 318 1115 318 1126 477 317 477 1127 477 1127 478 317 478 319 478 1127 479 319 479 1128 479 1128 480 319 480 1129 480 1128 481 1129 481 1130 481 317 105 1126 105 315 105 315 253 1126 253 1131 253 315 496 1131 496 314 496 314 497 1131 497 1132 497 314 498 1132 498 331 498 331 483 1132 483 343 483 343 484 1132 484 1133 484 343 257 1133 257 1134 257 1135 188 1136 188 1134 188 1134 378 1136 378 345 378 1134 485 345 485 343 485 1136 191 1135 191 1137 191 1137 379 1135 379 1138 379 1137 118 1138 118 1130 118 1130 263 1138 263 1128 263 1139 499 1140 499 1141 499 1142 500 1140 500 1143 500 1144 265 1140 265 1145 265 1146 501 1140 501 1147 501 1141 502 1140 502 1148 502 1143 503 1140 503 1139 503 1148 504 1140 504 1146 504 1145 505 1140 505 1142 505 1147 506 1140 506 1144 506 202 488 1141 488 204 488 204 489 1141 489 1148 489 204 490 1148 490 1149 490 1149 491 1148 491 1150 491 1150 275 1148 275 1146 275 1150 134 1146 134 1151 134 1151 389 1146 389 1147 389 1151 202 1147 202 1152 202 1152 203 1147 203 1144 203 1152 390 1144 390 198 390 198 347 1144 347 1145 347 198 391 1145 391 1142 391 1141 492 202 492 1139 492 1139 142 202 142 200 142 1139 281 200 281 1143 281 1143 507 200 507 192 507 1143 508 192 508 1142 508 1142 509 192 509 194 509 1142 494 194 494 196 494 196 495 198 495 1142 495 1153 477 321 477 1154 477 1154 478 321 478 323 478 1154 479 323 479 1155 479 1155 480 323 480 1156 480 1155 481 1156 481 1157 481 321 105 1153 105 311 105 311 253 1153 253 1158 253 311 254 1158 254 312 254 312 255 1158 255 1159 255 312 482 1159 482 326 482 326 483 1159 483 328 483 328 484 1159 484 1160 484 328 257 1160 257 1161 257 1162 188 1163 188 1161 188 1161 378 1163 378 330 378 1161 485 330 485 328 485 1163 191 1162 191 1164 191 1164 379 1162 379 1165 379 1164 118 1165 118 1157 118 1157 263 1165 263 1155 263 1166 486 1167 486 1168 486 1169 264 1167 264 1170 264 1171 122 1167 122 1172 122 1173 266 1167 266 1174 266 1168 487 1167 487 1175 487 1170 267 1167 267 1166 267 1175 268 1167 268 1173 268 1172 127 1167 127 1169 127 1174 128 1167 128 1171 128 216 488 1168 488 218 488 218 489 1168 489 1175 489 218 490 1175 490 1176 490 1176 491 1175 491 1177 491 1177 275 1175 275 1173 275 1177 134 1173 134 1178 134 1178 389 1173 389 1174 389 1178 202 1174 202 1179 202 1179 203 1174 203 1171 203 1179 390 1171 390 212 390 212 347 1171 347 1172 347 212 391 1172 391 1169 391 1168 492 216 492 1166 492 1166 142 216 142 214 142 1166 281 214 281 1170 281 1170 282 214 282 206 282 1170 283 206 283 1169 283 1169 493 206 493 208 493 1169 494 208 494 210 494 210 495 212 495 1169 495 1180 211 306 211 1181 211 1181 229 306 229 308 229 1181 230 308 230 1182 230 1182 103 308 103 1183 103 1182 215 1183 215 1184 215 306 355 1180 355 304 355 304 356 1180 356 1185 356 304 357 1185 357 292 357 292 232 1185 232 1186 232 292 216 1186 216 295 216 295 217 1186 217 297 217 297 358 1186 358 1187 358 297 112 1187 112 1188 112 1189 359 1190 359 1188 359 1188 189 1190 189 299 189 1188 360 299 360 297 360 1190 361 1189 361 1191 361 1191 362 1189 362 1192 362 1191 118 1192 118 1184 118 1184 236 1192 236 1182 236 1193 219 1194 219 1195 219 1196 237 1194 237 1197 237 1198 363 1194 363 1199 363 1200 238 1194 238 1201 238 1195 220 1194 220 1202 220 1197 239 1194 239 1193 239 1202 240 1194 240 1200 240 1199 364 1194 364 1196 364 1201 365 1194 365 1198 365 230 241 1195 241 232 241 232 242 1195 242 1202 242 232 131 1202 131 1203 131 1203 224 1202 224 1204 224 1204 243 1202 243 1200 243 1204 134 1200 134 1205 134 1205 366 1200 366 1201 366 1205 367 1201 367 1206 367 1206 368 1201 368 1198 368 1206 204 1198 204 226 204 226 205 1198 205 1199 205 226 369 1199 369 1196 369 1195 226 230 226 1193 226 1193 370 230 370 228 370 1193 371 228 371 1197 371 1197 372 228 372 220 372 1197 247 220 247 1196 247 1196 227 220 227 222 227 1196 228 222 228 224 228 224 248 226 248 1196 248 1207 211 261 211 1208 211 1208 212 261 212 263 212 1208 213 263 213 1209 213 1209 214 263 214 1210 214 1209 215 1210 215 1211 215 261 105 1207 105 259 105 259 106 1207 106 1212 106 259 231 1212 231 257 231 257 232 1212 232 1213 232 257 216 1213 216 289 216 289 217 1213 217 301 217 301 186 1213 186 1214 186 301 187 1214 187 1215 187 1216 188 1217 188 1215 188 1215 233 1217 233 303 233 1215 234 303 234 301 234 1217 191 1216 191 1218 191 1218 235 1216 235 1219 235 1218 118 1219 118 1211 118 1211 236 1219 236 1209 236 1220 219 1221 219 1222 219 1223 237 1221 237 1224 237 1225 122 1221 122 1226 122 1227 238 1221 238 1228 238 1222 220 1221 220 1229 220 1224 239 1221 239 1220 239 1229 240 1221 240 1227 240 1226 127 1221 127 1223 127 1228 128 1221 128 1225 128 55 221 1222 221 57 221 57 222 1222 222 1229 222 57 223 1229 223 1230 223 1230 224 1229 224 1231 224 1231 243 1229 243 1227 243 1231 134 1227 134 1232 134 1232 244 1227 244 1228 244 1232 202 1228 202 1233 202 1233 203 1228 203 1225 203 1233 245 1225 245 239 245 239 173 1225 173 1226 173 239 174 1226 174 1223 174 1222 226 55 226 1220 226 1220 142 55 142 53 142 1220 143 53 143 1224 143 1224 246 53 246 52 246 1224 247 52 247 1223 247 1223 227 52 227 235 227 1223 228 235 228 237 228 237 248 239 248 1223 248 1234 149 285 149 1235 149 1235 179 285 179 287 179 1235 180 287 180 1236 180 1236 181 287 181 1237 181 1236 182 1237 182 1238 182 285 105 1234 105 284 105 284 183 1234 183 1239 183 284 184 1239 184 266 184 266 108 1239 108 1240 108 266 109 1240 109 267 109 267 185 1240 185 270 185 270 186 1240 186 1241 186 270 187 1241 187 1242 187 1243 188 1244 188 1242 188 1242 189 1244 189 272 189 1242 190 272 190 270 190 1244 191 1243 191 1245 191 1245 117 1243 117 1246 117 1245 118 1246 118 1238 118 1238 192 1246 192 1236 192 1247 193 1248 193 1249 193 1250 121 1248 121 1251 121 1252 122 1248 122 1253 122 1254 123 1248 123 1255 123 1249 194 1248 194 1256 194 1251 195 1248 195 1247 195 1256 196 1248 196 1254 196 1253 127 1248 127 1250 127 1255 128 1248 128 1252 128 245 197 1249 197 247 197 247 198 1249 198 1256 198 247 199 1256 199 1257 199 1257 200 1256 200 1258 200 1258 201 1256 201 1254 201 1258 134 1254 134 1259 134 1259 135 1254 135 1255 135 1259 202 1255 202 1260 202 1260 203 1255 203 1252 203 1260 204 1252 204 242 204 242 205 1252 205 1253 205 242 206 1253 206 1250 206 1249 175 245 175 1247 175 1247 142 245 142 244 142 1247 207 244 207 1251 207 1251 208 244 208 46 208 1251 145 46 145 1250 145 1250 146 46 146 48 146 1250 209 48 209 240 209 240 210 242 210 1250 210 1261 149 444 149 1262 149 1262 510 444 510 446 510 1262 511 446 511 1263 511 1263 103 446 103 1264 103 1263 104 1264 104 1265 104 444 105 1261 105 442 105 442 106 1261 106 1266 106 442 512 1266 512 441 512 441 513 1266 513 1267 513 441 514 1267 514 458 514 458 515 1267 515 466 515 466 516 1267 516 1268 516 466 112 1268 112 1269 112 1270 517 1271 517 1269 517 1269 114 1271 114 468 114 1269 115 468 115 466 115 1271 518 1270 518 1272 518 1272 519 1270 519 1273 519 1272 118 1273 118 1265 118 1265 119 1273 119 1263 119 1274 161 1275 161 1276 161 1277 520 1275 520 1278 520 1279 521 1275 521 1280 521 1281 522 1275 522 1282 522 1276 162 1275 162 1283 162 1278 523 1275 523 1274 523 1283 524 1275 524 1281 524 1280 525 1275 525 1277 525 1282 526 1275 526 1279 526 85 527 1276 527 87 527 87 528 1276 528 1283 528 87 131 1283 131 1284 131 1284 132 1283 132 1285 132 1285 133 1283 133 1281 133 1285 134 1281 134 1286 134 1286 529 1281 529 1282 529 1286 530 1282 530 1287 530 1287 531 1282 531 1279 531 1287 138 1279 138 79 138 79 139 1279 139 1280 139 79 532 1280 532 1277 532 1276 175 85 175 1274 175 1274 142 85 142 83 142 1274 143 83 143 1278 143 1278 533 83 533 73 533 1278 534 73 534 1277 534 1277 535 73 535 75 535 1277 536 75 536 77 536 77 537 79 537 1277 537 1288 211 279 211 1289 211 1289 229 279 229 281 229 1289 230 281 230 1290 230 1290 103 281 103 1291 103 1290 215 1291 215 1292 215 279 355 1288 355 278 355 278 356 1288 356 1293 356 278 357 1293 357 265 357 265 232 1293 232 1294 232 265 216 1294 216 283 216 283 217 1294 217 286 217 286 358 1294 358 1295 358 286 112 1295 112 1296 112 1297 359 1298 359 1296 359 1296 189 1298 189 288 189 1296 360 288 360 286 360 1298 361 1297 361 1299 361 1299 362 1297 362 1300 362 1299 118 1300 118 1292 118 1292 236 1300 236 1290 236 1301 219 1302 219 1303 219 1304 237 1302 237 1305 237 1306 363 1302 363 1307 363 1308 238 1302 238 1309 238 1303 220 1302 220 1310 220 1305 239 1302 239 1301 239 1310 240 1302 240 1308 240 1307 364 1302 364 1304 364 1309 365 1302 365 1306 365 251 241 1303 241 253 241 253 242 1303 242 1310 242 253 131 1310 131 1311 131 1311 224 1310 224 1312 224 1312 243 1310 243 1308 243 1312 134 1308 134 1313 134 1313 366 1308 366 1309 366 1313 367 1309 367 1314 367 1314 368 1309 368 1306 368 1314 204 1306 204 248 204 248 205 1306 205 1307 205 248 369 1307 369 1304 369 1303 226 251 226 1301 226 1301 370 251 370 250 370 1301 371 250 371 1305 371 1305 372 250 372 45 372 1305 247 45 247 1304 247 1304 227 45 227 243 227 1304 228 243 228 246 228 246 248 248 248 1304 248 35 91 34 91 59 91 59 91 34 91 33 91 59 91 33 91 1315 91 1315 91 33 91 32 91 1315 91 32 91 1258 91 1258 91 32 91 1313 91 1258 91 1313 91 1257 91 1257 91 1313 91 1314 91 1257 91 1314 91 247 91 247 91 1314 91 248 91 30 91 529 91 32 91 32 91 529 91 530 91 32 91 530 91 1312 91 1312 91 530 91 1311 91 1311 91 530 91 531 91 1311 91 531 91 253 91 253 91 531 91 254 91 529 91 30 91 528 91 528 91 30 91 31 91 528 91 31 91 41 91 1312 91 1313 91 32 91 1258 91 1259 91 1315 91 1315 91 1259 91 610 91 1315 91 610 91 611 91 610 91 1259 91 609 91 609 91 1259 91 1260 91 609 91 1260 91 241 91 241 91 1260 91 242 91 612 91 1230 91 611 91 611 91 1230 91 1231 91 611 91 1231 91 1315 91 1315 91 1231 91 1316 91 1315 91 1316 91 1317 91 58 91 57 91 612 91 612 91 57 91 1230 91 1231 91 1232 91 1316 91 1316 91 1232 91 637 91 1316 91 637 91 638 91 637 91 1232 91 636 91 636 91 1232 91 1233 91 636 91 1233 91 238 91 238 91 1233 91 239 91 639 91 1203 91 638 91 638 91 1203 91 1204 91 638 91 1204 91 1316 91 1316 91 1204 91 1205 91 1316 91 1205 91 664 91 664 91 1205 91 663 91 663 91 1205 91 1206 91 663 91 1206 91 225 91 225 91 1206 91 226 91 233 91 232 91 639 91 639 91 232 91 1203 91 664 91 665 91 1316 91 1316 91 665 91 1177 91 1316 91 1177 91 1178 91 1177 91 665 91 1176 91 1176 91 665 91 666 91 1176 91 666 91 218 91 218 91 666 91 219 91 1179 91 690 91 1178 91 1178 91 690 91 691 91 1178 91 691 91 1316 91 1316 91 691 91 692 91 1316 91 692 91 1150 91 1150 91 692 91 1149 91 1149 91 692 91 693 91 1149 91 693 91 204 91 204 91 693 91 205 91 212 91 211 91 1179 91 1179 91 211 91 690 91 1150 91 1151 91 1316 91 1316 91 1151 91 718 91 1316 91 718 91 719 91 718 91 1151 91 717 91 717 91 1151 91 1152 91 717 91 1152 91 197 91 197 91 1152 91 198 91 720 91 1122 91 719 91 719 91 1122 91 1123 91 719 91 1123 91 1316 91 1316 91 1123 91 1124 91 1316 91 1124 91 745 91 745 91 1124 91 744 91 744 91 1124 91 1125 91 744 91 1125 91 68 91 68 91 1125 91 69 91 191 91 190 91 720 91 720 91 190 91 1122 91 745 91 746 91 1316 91 1316 91 746 91 934 91 1316 91 934 91 935 91 934 91 746 91 933 91 933 91 746 91 747 91 933 91 747 91 183 91 183 91 747 91 184 91 936 91 906 91 935 91 935 91 906 91 907 91 935 91 907 91 1318 91 1318 91 907 91 908 91 1318 91 908 91 961 91 961 91 908 91 960 91 960 91 908 91 909 91 960 91 909 91 171 91 171 91 909 91 172 91 178 91 177 91 936 91 936 91 177 91 906 91 961 91 962 91 1318 91 1318 91 962 91 880 91 1318 91 880 91 881 91 880 91 962 91 879 91 879 91 962 91 963 91 879 91 963 91 164 91 164 91 963 91 165 91 882 91 987 91 881 91 881 91 987 91 988 91 881 91 988 91 1318 91 1318 91 988 91 989 91 1318 91 989 91 853 91 853 91 989 91 852 91 852 91 989 91 990 91 852 91 990 91 150 91 150 91 990 91 151 91 158 91 157 91 882 91 882 91 157 91 987 91 853 91 854 91 1318 91 1318 91 854 91 1015 91 1318 91 1015 91 1016 91 1015 91 854 91 1014 91 1014 91 854 91 855 91 1014 91 855 91 143 91 143 91 855 91 144 91 1017 91 825 91 1016 91 1016 91 825 91 826 91 1016 91 826 91 1318 91 1318 91 826 91 827 91 1318 91 827 91 1042 91 1042 91 827 91 1041 91 1041 91 827 91 828 91 1041 91 828 91 129 91 129 91 828 91 130 91 137 91 136 91 1017 91 1017 91 136 91 825 91 1042 91 1043 91 1318 91 1318 91 1043 91 799 91 1318 91 799 91 800 91 799 91 1043 91 798 91 798 91 1043 91 1044 91 798 91 1044 91 122 91 122 91 1044 91 123 91 801 91 1068 91 800 91 800 91 1068 91 1069 91 800 91 1069 91 1318 91 1318 91 1069 91 1070 91 1318 91 1070 91 1319 91 1319 91 1070 91 772 91 1319 91 772 91 773 91 116 91 115 91 801 91 801 91 115 91 1068 91 772 91 1070 91 771 91 771 91 1070 91 1071 91 771 91 1071 91 108 91 108 91 1071 91 109 91 774 91 1095 91 773 91 773 91 1095 91 1096 91 773 91 1096 91 1319 91 1319 91 1096 91 1097 91 1319 91 1097 91 583 91 583 91 1097 91 582 91 582 91 1097 91 1098 91 582 91 1098 91 94 91 94 91 1098 91 95 91 102 91 101 91 774 91 774 91 101 91 1095 91 583 91 584 91 1319 91 1319 91 584 91 1285 91 1319 91 1285 91 1286 91 1285 91 584 91 1284 91 1284 91 584 91 585 91 1284 91 585 91 87 91 87 91 585 91 88 91 1287 91 555 91 1286 91 1286 91 555 91 556 91 1286 91 556 91 1319 91 1319 91 556 91 557 91 1319 91 557 91 70 91 70 91 557 91 558 91 70 91 558 91 80 91 79 91 78 91 1287 91 1287 91 78 91 555 91 1319 91 1320 91 1318 91 1318 91 1316 91 935 91 276 98 17 98 508 98 508 98 17 98 16 98 508 98 16 98 509 98 509 98 16 98 18 98 509 98 18 98 516 98 516 98 18 98 1292 98 516 98 1292 98 515 98 515 98 1292 98 1291 98 515 98 1291 98 282 98 282 98 1291 98 281 98 6 98 1321 98 18 98 18 98 1321 98 1238 98 18 98 1238 98 1299 98 1299 98 1238 98 1298 98 1298 98 1238 98 1237 98 1298 98 1237 98 288 98 288 98 1237 98 287 98 1321 98 6 98 255 98 255 98 6 98 5 98 255 98 5 98 3 98 1322 98 921 98 1321 98 1321 98 921 98 914 98 1321 98 914 98 732 98 732 98 914 98 731 98 731 98 914 98 913 98 731 98 913 98 367 98 367 98 913 98 366 98 462 98 543 98 1322 98 1322 98 543 98 536 98 1322 98 536 98 1272 98 1272 98 536 98 1271 98 1271 98 536 98 535 98 1271 98 535 98 468 98 468 98 535 98 467 98 464 98 542 98 462 98 462 98 542 98 543 98 1272 98 1265 98 1322 98 1322 98 1265 98 570 98 1322 98 570 98 563 98 570 98 1265 98 569 98 569 98 1265 98 1264 98 569 98 1264 98 447 98 447 98 1264 98 446 98 562 98 1082 98 563 98 563 98 1082 98 1083 98 563 98 1083 98 1322 98 1322 98 1083 98 1076 98 1322 98 1076 98 759 98 759 98 1076 98 758 98 758 98 1076 98 1075 98 758 98 1075 98 451 98 451 98 1075 98 450 98 456 98 457 98 562 98 562 98 457 98 1082 98 759 98 752 98 1322 98 1322 98 752 98 1056 98 1322 98 1056 98 1049 98 1056 98 752 98 1055 98 1055 98 752 98 751 98 1055 98 751 98 426 98 426 98 751 98 425 98 1048 98 785 98 1049 98 1049 98 785 98 786 98 1049 98 786 98 1322 98 1322 98 786 98 779 98 1322 98 779 98 1029 98 1029 98 779 98 1028 98 1028 98 779 98 778 98 1028 98 778 98 430 98 430 98 778 98 429 98 435 98 436 98 1048 98 1048 98 436 98 785 98 1029 98 1022 98 1322 98 1322 98 1022 98 813 98 1322 98 813 98 806 98 813 98 1022 98 812 98 812 98 1022 98 1021 98 812 98 1021 98 405 98 405 98 1021 98 404 98 805 98 1001 98 806 98 806 98 1001 98 1002 98 806 98 1002 98 1322 98 1322 98 1002 98 995 98 1322 98 995 98 840 98 840 98 995 98 839 98 839 98 995 98 994 98 839 98 994 98 409 98 409 98 994 98 408 98 414 98 415 98 805 98 805 98 415 98 1001 98 840 98 833 98 1322 98 1322 98 833 98 975 98 1322 98 975 98 968 98 975 98 833 98 974 98 974 98 833 98 832 98 974 98 832 98 384 98 384 98 832 98 383 98 967 98 866 98 968 98 968 98 866 98 867 98 968 98 867 98 1322 98 1322 98 867 98 860 98 1322 98 860 98 948 98 948 98 860 98 947 98 947 98 860 98 859 98 947 98 859 98 388 98 388 98 859 98 387 98 393 98 394 98 967 98 967 98 394 98 866 98 948 98 941 98 1322 98 1322 98 941 98 894 98 1322 98 894 98 887 98 894 98 941 98 893 98 893 98 941 98 940 98 893 98 940 98 363 98 363 98 940 98 362 98 886 98 920 98 887 98 887 98 920 98 921 98 887 98 921 98 1322 98 372 98 373 98 886 98 886 98 373 98 920 98 732 98 725 98 1321 98 1321 98 725 98 1110 98 1321 98 1110 98 1103 98 1110 98 725 98 1109 98 1109 98 725 98 724 98 1109 98 724 98 341 98 341 98 724 98 340 98 1102 98 704 98 1103 98 1103 98 704 98 705 98 1103 98 705 98 1321 98 1321 98 705 98 698 98 1321 98 698 98 1137 98 1137 98 698 98 1136 98 1136 98 698 98 697 98 1136 98 697 98 345 98 345 98 697 98 344 98 350 98 351 98 1102 98 1102 98 351 98 704 98 1137 98 1130 98 1321 98 1321 98 1130 98 678 98 1321 98 678 98 671 98 678 98 1130 98 677 98 677 98 1130 98 1129 98 677 98 1129 98 320 98 320 98 1129 98 319 98 670 98 1163 98 671 98 671 98 1163 98 1164 98 671 98 1164 98 1321 98 1321 98 1164 98 1157 98 1321 98 1157 98 651 98 651 98 1157 98 650 98 650 98 1157 98 1156 98 650 98 1156 98 324 98 324 98 1156 98 323 98 329 98 330 98 670 98 670 98 330 98 1163 98 651 98 644 98 1321 98 1321 98 644 98 1191 98 1321 98 1191 98 1184 98 1191 98 644 98 1190 98 1190 98 644 98 643 98 1190 98 643 98 299 98 299 98 643 98 298 98 1183 98 623 98 1184 98 1184 98 623 98 624 98 1184 98 624 98 1321 98 1321 98 624 98 617 98 1321 98 617 98 1218 98 1218 98 617 98 1217 98 1217 98 617 98 616 98 1217 98 616 98 303 98 303 98 616 98 302 98 308 98 309 98 1183 98 1183 98 309 98 623 98 1218 98 1211 98 1321 98 1321 98 1211 98 597 98 1321 98 597 98 590 98 597 98 1211 98 596 98 596 98 1211 98 1210 98 596 98 1210 98 264 98 264 98 1210 98 263 98 589 98 1244 98 590 98 590 98 1244 98 1245 98 590 98 1245 98 1321 98 1321 98 1245 98 1238 98 271 98 272 98 589 98 589 98 272 98 1244 98 1299 98 1292 98 18 98 1323 94 1324 94 1325 94 1325 94 1324 94 1326 94 1325 95 1326 95 1327 95 1327 95 1326 95 1328 95 1327 96 1328 96 1329 96 1323 93 1330 93 1324 93 1324 93 1330 93 1331 93 1331 538 1330 538 1332 538 1331 538 1332 538 1333 538 1333 91 1332 91 1334 91 1333 91 1334 91 1335 91 1335 539 1334 539 1336 539 1335 539 1336 539 1337 539 1337 89 1336 89 1338 89 1337 89 1338 89 1339 89 1339 86 1338 86 1340 86 1339 86 1340 86 1341 86 1341 87 1340 87 1342 87 1341 87 1342 87 1343 87 1343 88 1342 88 1344 88 1343 88 1344 88 1345 88 1345 540 1344 540 1346 540 1345 540 1346 540 1347 540 1347 98 1346 98 1348 98 1347 98 1348 98 1349 98 1349 541 1348 541 1350 541 1349 541 1350 541 1329 541 1329 96 1350 96 1327 96 1351 542 355 542 1352 542 1352 543 355 543 462 543 1352 544 462 544 1353 544 1354 545 1355 545 1353 545 1353 546 1355 546 1356 546 1353 547 1356 547 1352 547 1352 548 1356 548 1351 548 1357 549 1358 549 1354 549 1354 550 1358 550 1359 550 1354 551 1359 551 1355 551 1355 552 1359 552 1360 552 1355 553 1360 553 1356 553 1356 554 1360 554 1351 554 1361 555 1362 555 1357 555 1357 556 1362 556 1363 556 1357 557 1363 557 1358 557 1358 558 1363 558 1364 558 1358 559 1364 559 1359 559 1365 560 1366 560 1361 560 1361 561 1366 561 1367 561 1361 562 1367 562 1368 562 1368 563 1367 563 1369 563 1369 564 1367 564 1366 564 1369 565 1366 565 1370 565 1370 566 1366 566 1365 566 1370 567 1365 567 1371 567 1371 568 1365 568 1372 568 1371 569 1372 569 1373 569 1373 570 1372 570 1374 570 1373 571 1374 571 1375 571 1375 572 1374 572 1376 572 1376 573 1374 573 1377 573 1376 574 1377 574 1378 574 1378 575 1377 575 70 575 1378 576 70 576 60 576 1372 577 1377 577 1374 577 60 578 1379 578 1378 578 1378 579 1379 579 1376 579 1375 580 1380 580 1373 580 1373 581 1380 581 1371 581 1380 582 1370 582 1371 582 1361 583 1368 583 1362 583 1362 584 1368 584 1381 584 1362 585 1381 585 1363 585 1363 586 1381 586 1364 586 469 587 471 587 499 587 499 587 471 587 473 587 499 587 473 587 1382 587 1382 587 473 587 496 587 1382 587 496 587 494 587 1382 587 494 587 1335 587 1335 587 494 587 492 587 1335 587 492 587 1333 587 1333 587 492 587 1383 587 1333 587 1383 587 1331 587 1331 587 1383 587 1324 587 1324 587 1383 587 1326 587 1326 587 1383 587 1328 587 1328 587 1383 587 1329 587 1329 587 1383 587 1384 587 1329 587 1384 587 1349 587 1349 587 1384 587 1385 587 1349 587 1385 587 1347 587 1347 587 1385 587 1345 587 1345 587 1385 587 1382 587 1345 587 1382 587 1343 587 1343 587 1382 587 1341 587 1341 587 1382 587 1339 587 1339 587 1382 587 1337 587 1337 587 1382 587 1335 587 492 587 490 587 1383 587 1383 587 490 587 488 587 1383 587 488 587 501 587 501 587 488 587 486 587 501 587 486 587 484 587 484 587 482 587 501 587 501 587 482 587 480 587 501 587 480 587 478 587 501 587 478 587 499 587 499 587 478 587 476 587 499 587 476 587 469 587 355 587 1351 587 1386 587 1386 587 1351 587 1360 587 1386 587 1360 587 1359 587 1359 587 1364 587 1386 587 1386 587 1364 587 1381 587 1386 587 1381 587 1368 587 1368 587 1369 587 1386 587 1386 587 1369 587 1387 587 1387 587 1369 587 1370 587 1387 587 1370 587 1380 587 1380 587 1375 587 1387 587 1387 587 1375 587 1376 587 1387 587 1376 587 1379 587 1379 587 60 587 1387 587 1387 587 60 587 1384 587 1384 587 60 587 51 587 1384 587 51 587 1385 587 1385 587 51 587 1388 587 1388 587 51 587 1389 587 1388 587 1389 587 1390 587 1390 587 1391 587 1388 587 1388 587 1391 587 1392 587 1388 587 1392 587 1393 587 1393 587 1394 587 1388 587 1388 587 1394 587 1395 587 1395 587 1394 587 1396 587 1395 587 1396 587 1397 587 1397 587 1398 587 1395 587 1395 587 1398 587 1399 587 1395 587 1399 587 1400 587 1400 587 1401 587 1395 587 1395 587 1401 587 256 587 1402 588 255 588 1403 588 1403 589 255 589 256 589 1403 590 256 590 1401 590 1403 591 1401 591 1404 591 1404 592 1401 592 1400 592 1404 593 1400 593 1405 593 1405 594 1400 594 1399 594 1405 595 1399 595 1406 595 1406 596 1399 596 1407 596 1406 597 1407 597 1408 597 1408 598 1407 598 1409 598 1408 599 1409 599 1410 599 1410 600 1409 600 1397 600 1410 601 1397 601 1396 601 1399 602 1398 602 1407 602 1407 603 1398 603 1409 603 1398 604 1397 604 1409 604 1394 605 1411 605 1396 605 1396 606 1411 606 1412 606 1396 607 1412 607 1410 607 1410 608 1412 608 1408 608 1411 609 1394 609 1413 609 1413 610 1394 610 1393 610 1413 611 1393 611 1414 611 1414 612 1393 612 1415 612 1414 613 1415 613 1416 613 1416 614 1415 614 1417 614 1416 615 1417 615 1418 615 1418 616 1417 616 1391 616 1418 617 1391 617 1390 617 1393 618 1392 618 1415 618 1415 619 1392 619 1417 619 1392 620 1391 620 1417 620 1389 621 1419 621 1390 621 1390 622 1419 622 1420 622 1390 623 1420 623 1418 623 1418 624 1420 624 1416 624 51 625 59 625 1389 625 1389 626 59 626 1419 626 59 627 1420 627 1419 627 1414 628 1412 628 1413 628 1413 629 1412 629 1411 629 1406 630 1402 630 1405 630 1405 631 1402 631 1404 631 1404 632 1402 632 1403 632 1321 633 255 633 1421 633 1421 633 255 633 1402 633 1421 634 1402 634 1422 634 1422 634 1402 634 1406 634 1422 635 1406 635 1423 635 1423 635 1406 635 1408 635 1423 636 1408 636 1424 636 1424 636 1408 636 1412 636 1424 637 1412 637 1425 637 1425 637 1412 637 1414 637 1425 638 1414 638 1426 638 1426 638 1414 638 1416 638 1426 639 1416 639 1427 639 1427 639 1416 639 1420 639 1427 640 1420 640 1315 640 1315 640 1420 640 59 640 1319 641 70 641 1428 641 1428 641 70 641 1377 641 1428 642 1377 642 1429 642 1429 642 1377 642 1372 642 1429 643 1372 643 1430 643 1430 643 1372 643 1365 643 1430 644 1365 644 1431 644 1431 644 1365 644 1361 644 1431 645 1361 645 1432 645 1432 645 1361 645 1357 645 1432 646 1357 646 1433 646 1433 646 1357 646 1354 646 1433 647 1354 647 1434 647 1434 647 1354 647 1353 647 1434 648 1353 648 1322 648 1322 648 1353 648 462 648 1428 649 1435 649 1319 649 1319 649 1435 649 1436 649 1319 649 1436 649 1320 649 1320 649 1436 649 1437 649 1320 649 1437 649 503 649 503 649 1437 649 502 649 1428 649 1429 649 1435 649 1435 649 1429 649 1430 649 1435 649 1430 649 1431 649 1435 649 1431 649 1438 649 1438 649 1431 649 1432 649 1438 649 1432 649 1433 649 1433 649 1434 649 1438 649 1438 649 1434 649 1322 649 1438 649 1322 649 1321 649 1438 649 1321 649 1439 649 1439 649 1321 649 1421 649 1439 649 1421 649 1422 649 1422 649 1423 649 1439 649 1439 649 1423 649 1424 649 1439 649 1424 649 1440 649 1440 649 1424 649 1425 649 1440 649 1425 649 1426 649 1426 649 1427 649 1440 649 1440 649 1427 649 1315 649 1440 649 1315 649 1441 649 1441 649 1315 649 1317 649 1441 649 1317 649 1442 649 1442 649 1317 649 504 649 1442 649 504 649 497 649 504 650 1317 650 498 650 498 650 1317 650 1316 650 1320 651 503 651 1318 651 1318 651 503 651 500 651 485 649 487 649 500 649 500 649 487 649 489 649 500 649 489 649 1323 649 1323 649 489 649 1330 649 1330 649 489 649 491 649 1330 649 491 649 1332 649 1332 649 491 649 493 649 1332 649 493 649 1334 649 1334 649 493 649 495 649 1334 649 495 649 1336 649 1336 649 495 649 475 649 1336 649 475 649 1338 649 1338 649 475 649 474 649 1338 649 474 649 498 649 498 649 474 649 472 649 498 649 472 649 470 649 470 649 477 649 498 649 498 649 477 649 479 649 498 649 479 649 481 649 498 649 481 649 500 649 500 649 481 649 483 649 500 649 483 649 485 649 1323 649 1325 649 1318 649 1318 649 1325 649 1327 649 1318 649 1327 649 1350 649 1350 649 1348 649 1318 649 1318 649 1348 649 1316 649 1316 649 1348 649 1346 649 1316 649 1346 649 1344 649 1344 649 1342 649 1316 649 1316 649 1342 649 1340 649 1316 649 1340 649 1338 649 500 649 1323 649 1318 649 498 649 1316 649 1338 649 1437 652 1436 652 1383 652 1383 652 1436 652 1384 652 1441 653 1442 653 1385 653 1385 653 1442 653 1382 653 1440 98 1441 98 1388 98 1388 98 1441 98 1385 98 1442 651 497 651 1382 651 1382 651 497 651 499 651 502 650 1437 650 501 650 501 650 1437 650 1383 650 1436 98 1435 98 1384 98 1384 98 1435 98 1387 98 1387 650 1435 650 1386 650 1386 650 1435 650 1438 650 1440 651 1388 651 1439 651 1439 651 1388 651 1395 651 4 91 1439 91 2 91 2 91 1439 91 1395 91 2 91 1395 91 0 91 0 91 1395 91 8 91 8 91 1395 91 256 91 8 91 256 91 1293 91 1293 91 256 91 1239 91 1293 91 1239 91 1294 91 1294 91 1239 91 1234 91 1294 91 1234 91 1295 91 1295 91 1234 91 1235 91 1295 91 1235 91 1296 91 1296 91 1235 91 1236 91 1296 91 1236 91 1297 91 1297 91 1236 91 1246 91 1297 91 1246 91 1300 91 1300 91 1246 91 19 91 1300 91 19 91 517 91 517 91 19 91 15 91 517 91 15 91 14 91 4 91 19 91 1439 91 1439 91 19 91 1246 91 1439 91 1246 91 598 91 598 91 1246 91 1243 91 598 91 1243 91 588 91 588 91 1243 91 1242 91 588 91 1242 91 587 91 587 91 1242 91 1241 91 587 91 1241 91 586 91 586 91 1241 91 1240 91 586 91 1240 91 591 91 591 91 1240 91 1239 91 591 91 1239 91 256 91 13 91 506 91 14 91 14 91 506 91 507 91 14 91 507 91 517 91 10 91 510 91 13 91 13 91 510 91 505 91 13 91 505 91 506 91 10 91 8 91 510 91 510 91 8 91 1293 91 510 91 1293 91 511 91 511 91 1293 91 1288 91 511 91 1288 91 512 91 512 91 1288 91 1289 91 512 91 1289 91 513 91 513 91 1289 91 1290 91 513 91 1290 91 514 91 514 91 1290 91 1300 91 514 91 1300 91 517 91 534 91 1269 91 533 91 533 91 1269 91 1268 91 533 91 1268 91 532 91 532 91 1268 91 1267 91 532 91 1267 91 537 91 537 91 1267 91 1266 91 537 91 1266 91 355 91 355 91 1266 91 564 91 355 91 564 91 1077 91 1077 91 564 91 1078 91 1078 91 564 91 559 91 1078 91 559 91 1079 91 1079 91 559 91 560 91 1079 91 560 91 1080 91 1080 91 560 91 561 91 1080 91 561 91 1081 91 1081 91 561 91 571 91 1081 91 571 91 1084 91 1084 91 571 91 1438 91 1084 91 1438 91 760 91 760 91 1438 91 1057 91 760 91 1057 91 1054 91 1269 91 534 91 1270 91 1270 91 534 91 544 91 1270 91 544 91 1273 91 1273 91 544 91 1438 91 1273 91 1438 91 571 91 544 91 541 91 1438 91 1438 91 541 91 540 91 1438 91 540 91 539 91 1438 91 539 91 1386 91 1386 91 539 91 538 91 1386 91 538 91 537 91 571 91 568 91 1273 91 1273 91 568 91 1263 91 1263 91 568 91 567 91 1263 91 567 91 1262 91 1262 91 567 91 566 91 1262 91 566 91 1261 91 1261 91 566 91 565 91 1261 91 565 91 1266 91 1266 91 565 91 564 91 1439 91 598 91 1219 91 1219 91 598 91 595 91 1219 91 595 91 1209 91 1209 91 595 91 594 91 1209 91 594 91 1208 91 1208 91 594 91 593 91 1208 91 593 91 1207 91 1207 91 593 91 592 91 1207 91 592 91 1212 91 1212 91 592 91 591 91 1212 91 591 91 256 91 615 91 1215 91 614 91 614 91 1215 91 1214 91 614 91 1214 91 613 91 613 91 1214 91 1213 91 613 91 1213 91 618 91 618 91 1213 91 1212 91 618 91 1212 91 256 91 1215 91 615 91 1216 91 1216 91 615 91 625 91 1216 91 625 91 1219 91 1219 91 625 91 1439 91 1439 91 625 91 1192 91 1192 91 625 91 622 91 1192 91 622 91 1182 91 1182 91 622 91 621 91 1182 91 621 91 1181 91 1181 91 621 91 620 91 1181 91 620 91 1180 91 1180 91 620 91 619 91 1180 91 619 91 1185 91 1185 91 619 91 618 91 1185 91 618 91 256 91 642 91 1188 91 641 91 641 91 1188 91 1187 91 641 91 1187 91 640 91 640 91 1187 91 1186 91 640 91 1186 91 645 91 645 91 1186 91 1185 91 645 91 1185 91 256 91 1188 91 642 91 1189 91 1189 91 642 91 652 91 1189 91 652 91 1192 91 1192 91 652 91 1439 91 1439 91 652 91 1165 91 1165 91 652 91 649 91 1165 91 649 91 1155 91 1155 91 649 91 648 91 1155 91 648 91 1154 91 1154 91 648 91 647 91 1154 91 647 91 1153 91 1153 91 647 91 646 91 1153 91 646 91 1158 91 1158 91 646 91 645 91 1158 91 645 91 256 91 669 91 1161 91 668 91 668 91 1161 91 1160 91 668 91 1160 91 667 91 667 91 1160 91 1159 91 667 91 1159 91 672 91 672 91 1159 91 1158 91 672 91 1158 91 256 91 1161 91 669 91 1162 91 1162 91 669 91 679 91 1162 91 679 91 1165 91 1165 91 679 91 1439 91 1439 91 679 91 1138 91 1138 91 679 91 676 91 1138 91 676 91 1128 91 1128 91 676 91 675 91 1128 91 675 91 1127 91 1127 91 675 91 674 91 1127 91 674 91 1126 91 1126 91 674 91 673 91 1126 91 673 91 1131 91 1131 91 673 91 672 91 1131 91 672 91 256 91 696 91 1134 91 695 91 695 91 1134 91 1133 91 695 91 1133 91 694 91 694 91 1133 91 1132 91 694 91 1132 91 699 91 699 91 1132 91 1131 91 699 91 1131 91 256 91 1134 91 696 91 1135 91 1135 91 696 91 706 91 1135 91 706 91 1138 91 1138 91 706 91 1439 91 1439 91 706 91 1111 91 1111 91 706 91 703 91 1111 91 703 91 1101 91 1101 91 703 91 702 91 1101 91 702 91 1100 91 1100 91 702 91 701 91 1100 91 701 91 1099 91 1099 91 701 91 700 91 1099 91 700 91 1104 91 1104 91 700 91 699 91 1104 91 699 91 256 91 723 91 1107 91 722 91 722 91 1107 91 1106 91 722 91 1106 91 721 91 721 91 1106 91 1105 91 721 91 1105 91 726 91 726 91 1105 91 1104 91 726 91 1104 91 256 91 1107 91 723 91 1108 91 1108 91 723 91 733 91 1108 91 733 91 1111 91 1111 91 733 91 1439 91 1439 91 733 91 922 91 922 91 733 91 730 91 922 91 730 91 912 91 912 91 730 91 729 91 912 91 729 91 911 91 911 91 729 91 728 91 911 91 728 91 910 91 910 91 728 91 727 91 910 91 727 91 915 91 915 91 727 91 726 91 915 91 726 91 256 91 750 91 1053 91 749 91 749 91 1053 91 1052 91 749 91 1052 91 748 91 748 91 1052 91 1051 91 748 91 1051 91 753 91 753 91 1051 91 1050 91 753 91 1050 91 355 91 355 91 1050 91 780 91 355 91 780 91 1023 91 1023 91 780 91 1024 91 1024 91 780 91 775 91 1024 91 775 91 1025 91 1025 91 775 91 776 91 1025 91 776 91 1026 91 1026 91 776 91 777 91 1026 91 777 91 1027 91 1027 91 777 91 787 91 1027 91 787 91 1030 91 1030 91 787 91 1438 91 1030 91 1438 91 814 91 814 91 1438 91 1003 91 814 91 1003 91 1000 91 1053 91 750 91 1054 91 1054 91 750 91 760 91 760 91 757 91 1084 91 1084 91 757 91 1074 91 1074 91 757 91 756 91 1074 91 756 91 1073 91 1073 91 756 91 755 91 1073 91 755 91 1072 91 1072 91 755 91 754 91 1072 91 754 91 1077 91 1077 91 754 91 753 91 1077 91 753 91 355 91 1438 91 787 91 1057 91 1057 91 787 91 784 91 1057 91 784 91 1047 91 1047 91 784 91 783 91 1047 91 783 91 1046 91 1046 91 783 91 782 91 1046 91 782 91 1045 91 1045 91 782 91 781 91 1045 91 781 91 1050 91 1050 91 781 91 780 91 804 91 999 91 803 91 803 91 999 91 998 91 803 91 998 91 802 91 802 91 998 91 997 91 802 91 997 91 807 91 807 91 997 91 996 91 807 91 996 91 355 91 355 91 996 91 834 91 355 91 834 91 969 91 969 91 834 91 970 91 970 91 834 91 829 91 970 91 829 91 971 91 971 91 829 91 830 91 971 91 830 91 972 91 972 91 830 91 831 91 972 91 831 91 973 91 973 91 831 91 841 91 973 91 841 91 976 91 976 91 841 91 1438 91 976 91 1438 91 868 91 868 91 1438 91 949 91 868 91 949 91 946 91 999 91 804 91 1000 91 1000 91 804 91 814 91 814 91 811 91 1030 91 1030 91 811 91 1020 91 1020 91 811 91 810 91 1020 91 810 91 1019 91 1019 91 810 91 809 91 1019 91 809 91 1018 91 1018 91 809 91 808 91 1018 91 808 91 1023 91 1023 91 808 91 807 91 1023 91 807 91 355 91 1438 91 841 91 1003 91 1003 91 841 91 838 91 1003 91 838 91 993 91 993 91 838 91 837 91 993 91 837 91 992 91 992 91 837 91 836 91 992 91 836 91 991 91 991 91 836 91 835 91 991 91 835 91 996 91 996 91 835 91 834 91 858 91 945 91 857 91 857 91 945 91 944 91 857 91 944 91 856 91 856 91 944 91 943 91 856 91 943 91 861 91 861 91 943 91 942 91 861 91 942 91 355 91 355 91 942 91 888 91 355 91 888 91 915 91 915 91 888 91 916 91 916 91 888 91 883 91 916 91 883 91 917 91 917 91 883 91 884 91 917 91 884 91 918 91 918 91 884 91 885 91 918 91 885 91 919 91 919 91 885 91 895 91 919 91 895 91 922 91 922 91 895 91 1438 91 922 91 1438 91 1439 91 945 91 858 91 946 91 946 91 858 91 868 91 868 91 865 91 976 91 976 91 865 91 966 91 966 91 865 91 864 91 966 91 864 91 965 91 965 91 864 91 863 91 965 91 863 91 964 91 964 91 863 91 862 91 964 91 862 91 969 91 969 91 862 91 861 91 969 91 861 91 355 91 1438 91 895 91 949 91 949 91 895 91 892 91 949 91 892 91 939 91 939 91 892 91 891 91 939 91 891 91 938 91 938 91 891 91 890 91 938 91 890 91 937 91 937 91 890 91 889 91 937 91 889 91 942 91 942 91 889 91 888 91 256 91 355 91 915 91 355 91 1386 91 537 91</p>
        </triangles>
      </mesh>
    </geometry>
  </library_geometries>
  <library_images />
  <library_visual_scenes>
    <visual_scene id="Scene">
      <node id="node_1" sid="node_1" type="NODE">
        <matrix>1 0 0 0 0 1 0 0 0 0 1 0 0 0 0 1</matrix>
        <instance_geometry url="#mesh_1" />
      </node>
    </visual_scene>
  </library_visual_scenes>
  <library_animations />
  <scene>
    <instance_visual_scene url="#Scene" />
  </scene>
</COLLADA>